crime_type,station,district,province,District.1,Province.1,Province.2,LISTS OF STATIONS PER,,01,January,Population figures
17 Community reported serious Crime,Afsondering,Alfred Nzo District,Eastern Cape,Alfred Nzo District,Eastern Cape,Eastern Cape,,2.0,2.0,February,
Abduction,Avondale,Alfred Nzo District,Eastern Cape,Amathole District,Eastern Cape,Free State,Eastern Cape,3.0,3.0,March,Eastern Cape
All theft not mentioned elsewhere,Cedarville,Alfred Nzo District,Eastern Cape,Buffalo City District,Eastern Cape,Gauteng,Select component,4.0,4.0,April,Free State
Arson,KwaBhaca,Alfred Nzo District,Eastern Cape,Chris Hani District,Eastern Cape,KwaZulu-Natal,Alfred Nzo District,5.0,5.0,May,Gauteng
Assault with the intent to inflict grievous bodily harm,KwaNdengane,Alfred Nzo District,Eastern Cape,Joe Gqabi District,Eastern Cape,Limpopo,Amathole District,6.0,6.0,June,KwaZulu-Natal
Attempted murder,Lukholweni,Alfred Nzo District,Eastern Cape,Nelson Mandela District,Eastern Cape,Mpumalanga,Buffalo City District,7.0,7.0,July,Limpopo
Attempted sexual offences,Maloti,Alfred Nzo District,Eastern Cape,OR Tambo District,Eastern Cape,North West,Chris Hani District,8.0,8.0,August,Mpumalanga
Bank robbery,Matatiele,Alfred Nzo District,Eastern Cape,Sarah Baartman District,Eastern Cape,Northern Cape,Joe Gqabi District,9.0,9.0,September,Northern Cape
Burglary at non-residential premises,MaXesibeni,Alfred Nzo District,Eastern Cape,Fezile Dabi District,Free State,Western Cape,Nelson Mandela District,10.0,10.0,October,North West
Burglary at residential premises,Mbizana,Alfred Nzo District,Eastern Cape,Lejweleputswa District,Free State,,OR Tambo District,11.0,11.0,November,Western Cape
Carjacking,Mpisi,Alfred Nzo District,Eastern Cape,Mangaung District,Free State,Republic Of South Africa,Sarah Baartman District,12.0,12.0,December,Republic Of South Africa
Commercial crime,Mzamba,Alfred Nzo District,Eastern Cape,Thabo Mofutsanyana District,Free State,,Aberdeen,13.0,13.0,,
Common assault,Ntabankulu,Alfred Nzo District,Eastern Cape,Xhariep District,Free State,,Addo,14.0,14.0,,
Common robbery,Pholile,Alfred Nzo District,Eastern Cape,Ekurhuleni District,Gauteng,,Adelaide,15.0,15.0,,
Contact crime (Crimes against the person),Qhasa,Alfred Nzo District,Eastern Cape,Gauteng: Ports of Entry: Air,Gauteng,,Afsondering,16.0,16.0,,
Contact sexual offences,Adelaide,Amathole District,Eastern Cape,Johannesburg District,Gauteng,,Alexandria,17.0,17.0,,
Contact-related Crime,Alice,Amathole District,Eastern Cape,Sedibeng District,Gauteng,,Algoapark,18.0,18.0,,
Crimen injuria,Balfour,Amathole District,Eastern Cape,Tshwane District,Gauteng,,Alice,19.0,19.0,,
Culpable homicide,Bedford,Amathole District,Eastern Cape,West Rand District,Gauteng,,Alicedale,20.0,20.0,,
Kidnapping,Bell,Amathole District,Eastern Cape,Amajuba District,KwaZulu-Natal,,Aliwal North,21.0,21.0,,
Malicious damage to property,Bholo,Amathole District,Eastern Cape,Ethekwini District,KwaZulu-Natal,,Avondale,22.0,22.0,,
Murder,Bluewater,Amathole District,Eastern Cape,Harry Gwala District,KwaZulu-Natal,,Balfour,23.0,23.0,,
Neglect and ill-treatment of children,Butterworth,Amathole District,Eastern Cape,Ilembe District,KwaZulu-Natal,,Barkly East,24.0,24.0,,
Other serious Crime,Cathcart,Amathole District,Eastern Cape,King Cetshwayo District,KwaZulu-Natal,,Bathurst,25.0,25.0,,
Property-related Crime,Centane,Amathole District,Eastern Cape,Kwazulu-Natal: Ports of Entry: Air,KwaZulu-Natal,,Baviaanskloof,26.0,26.0,,
Public violence,Chungwa,Amathole District,Eastern Cape,Kwazulu-Natal: Ports of Entry: Sea,KwaZulu-Natal,,Beacon Bay,27.0,27.0,,
Rape,Doringkloof,Amathole District,Eastern Cape,Ugu District,KwaZulu-Natal,,Bedford,28.0,28.0,,
Robbery at non-residential premises,Dutywa,Amathole District,Eastern Cape,Umgungundlovu District,KwaZulu-Natal,,Bell,29.0,29.0,,
Robbery at residential premises,Elliotdale,Amathole District,Eastern Cape,Umkhanyakude District,KwaZulu-Natal,,Bethelsdorp,30.0,30.0,,
Robbery of cash in transit,KwaMaqoma,Amathole District,Eastern Cape,Umzinyathi District,KwaZulu-Natal,,Bhisho,31.0,31.0,,
Robbery with aggravating circumstances,Hamburg,Amathole District,Eastern Cape,Uthukela District,KwaZulu-Natal,,Bhityi,,,,
Sexual assault,Healdtown,Amathole District,Eastern Cape,Zululand District,KwaZulu-Natal,,Bholo,,,,
Sexual offences,Hogsback,Amathole District,Eastern Cape,Capricorn District,Limpopo,,Bholothwa,,,,
Shoplifting,Kei Bridge,Amathole District,Eastern Cape,Mopani District,Limpopo,,Bluewater,,,,
Stock-theft,Kei Mouth,Amathole District,Eastern Cape,Sekhukhune District,Limpopo,,Bridge Camp,,,,
Theft of motor vehicle and motorcycle,Kei Road,Amathole District,Eastern Cape,Vhembe District,Limpopo,,Buffalo Flats,,,,
Theft out of or from motor vehicle,Keiskammahoek,Amathole District,Eastern Cape,Waterberg District,Limpopo,,Burgersdorp,,,,
TRIO Crime,Khubusidrift,Amathole District,Eastern Cape,Ehlanzeni District,Mpumalanga,,Butterworth,,,,
Truck hijacking,Kolomane,Amathole District,Eastern Cape,Gert Sibande District,Mpumalanga,,Cacadu,,,,
,Middledrift,Amathole District,Eastern Cape,Nkangala District,Mpumalanga,,Cala,,,,
,Khwenxurha,Amathole District,Eastern Cape,Bojanala District,North West,,Cambridge,,,,
Select offence,Moyeni,Amathole District,Eastern Cape,Dr Kenneth Kaunda District,North West,,Cathcart,,,,
Crime detected as a result of police action,Msobomvu,Amathole District,Eastern Cape,Dr Ruth Segomotsi Mompati District,North West,,Cedarville,,,,
,Ngqamakhwe,Amathole District,Eastern Cape,Ngaka Modiri Molema District,North West,,Centane,,,,
Illegal possession of firearms and ammunition,Peddie,Amathole District,Eastern Cape,Frances Baard District,Northern Cape,,Chalumna,,,,
Drug-related crime,Qumrha,Amathole District,Eastern Cape,John Taolo Gaetsewe District,Northern Cape,,Chatty,,,,
Driving under the influence of alcohol or drugs,Seymour,Amathole District,Eastern Cape,Namakwa District,Northern Cape,,Chungwa,,,,
Sexual offences detected as a result of police action,Steve Vukile Tshwete,Amathole District,Eastern Cape,Pixley Ka Seme District,Northern Cape,,Coffee Bay,,,,
,Stutterheim,Amathole District,Eastern Cape,ZF Mgcawu District,Northern Cape,,Cofimvaba,,,,
,Thomas River,Amathole District,Eastern Cape,Cape Winelands District,Western Cape,,Committees,,,,
,Tyefu,Amathole District,Eastern Cape,Central Karoo District,Western Cape,,Cookhouse,,,,
,Willowvale,Amathole District,Eastern Cape,City of Cape Town District,Western Cape,,Dalasile,,,,
,Beacon Bay,Buffalo City District,Eastern Cape,East Metropol District,Western Cape,,Despatch,,,,
,Bhisho,Buffalo City District,Eastern Cape,Garden Route District,Western Cape,,Dimbaza,,,,
,Buffalo Flats,Buffalo City District,Eastern Cape,Overberg District,Western Cape,,Dordrecht,,,,
,Cambridge,Buffalo City District,Eastern Cape,West Coast District,Western Cape,,Doringkloof,,,,
,Chalumna,Buffalo City District,Eastern Cape,Eastern Cape,Republic of South Africa,,Duncan Village,,,,
,Dimbaza,Buffalo City District,Eastern Cape,Free State,Republic of South Africa,,Dutywa,,,,
,Duncan Village,Buffalo City District,Eastern Cape,Gauteng,Republic of South Africa,,East London,,,,
,East London,Buffalo City District,Eastern Cape,KwaZulu-Natal,Republic of South Africa,,Elands Height,,,,
,Gonubie,Buffalo City District,Eastern Cape,Limpopo,Republic of South Africa,,Elliotdale,,,,
,Inyibiba,Buffalo City District,Eastern Cape,Mpumalanga,Republic of South Africa,,Ezibeleni,,,,
,Kidds Beach,Buffalo City District,Eastern Cape,North West,Republic of South Africa,,Flagstaff,,,,
,Macleantown,Buffalo City District,Eastern Cape,Northern Cape,Republic of South Africa,,Floukraal,,,,
,Mdantsane,Buffalo City District,Eastern Cape,Western Cape,Republic of South Africa,,Fort Brown,,,,
,Ndevana,Buffalo City District,Eastern Cape,Republic Of South Africa,RSA,,Gelvandale,,,,
,Ntabozuko,Buffalo City District,Eastern Cape,,,,Glen Grey,,,,
,Punzana,Buffalo City District,Eastern Cape,,,,Gonubie,,,,
,Qonce,Buffalo City District,Eastern Cape,,,,Graaff-Reinet,,,,
,Scenery Park,Buffalo City District,Eastern Cape,,,,Hamburg,,,,
,Tamara,Buffalo City District,Eastern Cape,,,,Hankey,,,,
,Vulindlela,Buffalo City District,Eastern Cape,,,,Healdtown,,,,
,Zele,Buffalo City District,Eastern Cape,,,,Henderson,,,,
,Zwelitsha,Buffalo City District,Eastern Cape,,,,Hlababomvu,,,,
,Bholothwa,Chris Hani District,Eastern Cape,,,,Hofmeyr,,,,
,Bridge Camp,Chris Hani District,Eastern Cape,,,,Hogsback,,,,
,Cacadu,Chris Hani District,Eastern Cape,,,,Humansdorp,,,,
,Cala,Chris Hani District,Eastern Cape,,,,Humewood,,,,
,Cofimvaba,Chris Hani District,Eastern Cape,,,,Ida,,,,
,Nxuba,Chris Hani District,Eastern Cape,,,,Ikamvelihle,,,,
,Dalasile,Chris Hani District,Eastern Cape,,,,Ilinge,,,,
,Dordrecht,Chris Hani District,Eastern Cape,,,,Indwe,,,,
,Ezibeleni,Chris Hani District,Eastern Cape,,,,Inyibiba,,,,
,Glen Grey,Chris Hani District,Eastern Cape,,,,James Calata,,,,
,Henderson,Chris Hani District,Eastern Cape,,,,Jansenville,,,,
,Hofmeyr,Chris Hani District,Eastern Cape,,,,Jeffreys Bay,,,,
,Ida,Chris Hani District,Eastern Cape,,,,Joubertina,,,,
,Ilinge,Chris Hani District,Eastern Cape,,,,Joza,,,,
CRIME CATEGORY,Indwe,Chris Hani District,Eastern Cape,,,,Kabega Park,,,,
CONTACT CRIMES (CRIMES AGAINST THE  PERSON),Khowa,Chris Hani District,Eastern Cape,,,,Kamesh,,,,
Murder,Kleinbulhoek,Chris Hani District,Eastern Cape,,,,Kareedouw,,,,
Sexual offences,Komani,Chris Hani District,Eastern Cape,,,,Kariega,,,,
Attempted murder,Middelburg(EC),Chris Hani District,Eastern Cape,,,,Kei Bridge,,,,
Assault with the intent to inflict grievous bodily harm,Mlungisi,Chris Hani District,Eastern Cape,,,,Kei Mouth,,,,
Common assault,Molteno,Chris Hani District,Eastern Cape,,,,Kei Road,,,,
Common robbery,Ngcobo,Chris Hani District,Eastern Cape,,,,Keiskammahoek,,,,
Robbery with aggravating circumstances,Ntabethemba,Chris Hani District,Eastern Cape,,,,Kenton On Sea,,,,
Contact crime (Crimes against the person),Sterkstroom,Chris Hani District,Eastern Cape,,,,Khowa,,,,
SEXUAL OFFENCES - BREAKDOWN,Tarkastad,Chris Hani District,Eastern Cape,,,,Khubusidrift,,,,
Rape,Thornhill Ciskei,Chris Hani District,Eastern Cape,,,,Khwenxurha,,,,
Sexual assault,Tsomo,Chris Hani District,Eastern Cape,,,,Kidds Beach,,,,
Attempted sexual offences,Tylden,Chris Hani District,Eastern Cape,,,,Kinkelbos,,,,
Contact sexual offences,Whittlesea,Chris Hani District,Eastern Cape,,,,Kleinbulhoek,,,,
SOME SUBCATEGORIES OF AGGRAVATED ROBBERY,Aliwal North,Joe Gqabi District,Eastern Cape,,,,Klipplaat,,,,
Carjacking,Barkly East,Joe Gqabi District,Eastern Cape,,,,Kolomane,,,,
Robbery at residential premises,Burgersdorp,Joe Gqabi District,Eastern Cape,,,,Komani,,,,
Robbery at non-residential premises,Elands Height,Joe Gqabi District,Eastern Cape,,,,Kwaaiman,,,,
TRIO Crime,Floukraal,Joe Gqabi District,Eastern Cape,,,,KwaBhaca,,,,
Robbery of cash in transit,James Calata,Joe Gqabi District,Eastern Cape,,,,KwaDwesi,,,,
Bank robbery,Lady Grey,Joe Gqabi District,Eastern Cape,,,,KwaMaqoma,,,,
Truck hijacking,Maletswai,Joe Gqabi District,Eastern Cape,,,,KwaNdengane,,,,
CONTACT-RELATED CRIMES,Mbizeni,Joe Gqabi District,Eastern Cape,,,,KwaNobuhle,,,,
Arson,Ngqayi,Joe Gqabi District,Eastern Cape,,,,KwaNojoli,,,,
Malicious damage to property,Nqanqarhu,Joe Gqabi District,Eastern Cape,,,,KwaZakele,,,,
Contact-related crime,Palmietfontein,Joe Gqabi District,Eastern Cape,,,,Lady Grey,,,,
PROPERTY-RELATED CRIMES,Phumalanga,Joe Gqabi District,Eastern Cape,,,,Libode,,,,
Burglary at non-residential premises,Rhodes,Joe Gqabi District,Eastern Cape,,,,Lukholweni,,,,
Burglary at residential premises,Rossouw,Joe Gqabi District,Eastern Cape,,,,Lusikisiki,,,,
Theft of motor vehicle and motorcycle,Sterkspruit,Joe Gqabi District,Eastern Cape,,,,Macleantown,,,,
Theft out of or from motor vehicle,Steynsburg,Joe Gqabi District,Eastern Cape,,,,Madeira,,,,
Stock-theft,Tabase,Joe Gqabi District,Eastern Cape,,,,Majola,,,,
Property-related crime,Tlokoeng,Joe Gqabi District,Eastern Cape,,,,Makhanda,,,,
OTHER SERIOUS CRIMES,Ugie,Joe Gqabi District,Eastern Cape,,,,Maletswai,,,,
All theft not mentioned elsewhere,Venterstad,Joe Gqabi District,Eastern Cape,,,,Maloti,,,,
Commercial crime,Zamuxolo,Joe Gqabi District,Eastern Cape,,,,Matatiele,,,,
Shoplifting,Algoapark,Nelson Mandela District,Eastern Cape,,,,MaXesibeni,,,,
Other serious crime,Bethelsdorp,Nelson Mandela District,Eastern Cape,,,,Mbizana,,,,
,Chatty,Nelson Mandela District,Eastern Cape,,,,Mbizeni,,,,
17 Community reported serious crime,Despatch,Nelson Mandela District,Eastern Cape,,,,Mdantsane,,,,
,Gelvandale,Nelson Mandela District,Eastern Cape,,,,Middelburg(EC),,,,
CRIMES DETECTED AS A RESULT OF POLICE ACTION ,Humewood,Nelson Mandela District,Eastern Cape,,,,Middledrift,,,,
Illegal possession of firearms and ammunition,Ikamvelihle,Nelson Mandela District,Eastern Cape,,,,Mlungisi,,,,
Drug-related crime,Kabega Park,Nelson Mandela District,Eastern Cape,,,,Molteno,,,,
Driving under the influence of alcohol or drugs,Kamesh,Nelson Mandela District,Eastern Cape,,,,Motherwell,,,,
Sexual offences detected as a result of police action,Kariega,Nelson Mandela District,Eastern Cape,,,,Mount Road,,,,
Crime detected as a result of police action,KwaDwesi,Nelson Mandela District,Eastern Cape,,,,Moyeni,,,,
,KwaNobuhle,Nelson Mandela District,Eastern Cape,,,,Mpisi,,,,
,KwaZakele,Nelson Mandela District,Eastern Cape,,,,Mqanduli,,,,
Kidnapping,Motherwell,Nelson Mandela District,Eastern Cape,,,,Msobomvu,,,,
,Mount Road,Nelson Mandela District,Eastern Cape,,,,Mthatha,,,,
,New Brighton,Nelson Mandela District,Eastern Cape,,,,Mtontsasa,,,,
,Swartkops,Nelson Mandela District,Eastern Cape,,,,Mzamba,,,,
,Walmer,Nelson Mandela District,Eastern Cape,,,,Ndevana,,,,
,Bhityi,OR Tambo District,Eastern Cape,,,,Nemato,,,,
,Coffee Bay,OR Tambo District,Eastern Cape,,,,New Brighton,,,,
,Flagstaff,OR Tambo District,Eastern Cape,,,,Ngangelizwe,,,,
SEXUAL OFFENCES - BREAKDOWN,Hlababomvu,OR Tambo District,Eastern Cape,,,,Ngcobo,,,,
,Kwaaiman,OR Tambo District,Eastern Cape,,,,Ngqamakhwe,,,,
,Libode,OR Tambo District,Eastern Cape,,,,Ngqayi,,,,
,Lusikisiki,OR Tambo District,Eastern Cape,,,,Ngqeleni,,,,
,Madeira,OR Tambo District,Eastern Cape,,,,Nqanqarhu,,,,
,Majola,OR Tambo District,Eastern Cape,,,,Nqweba,,,,
,Mqanduli,OR Tambo District,Eastern Cape,,,,Ntabankulu,,,,
,Mthatha,OR Tambo District,Eastern Cape,,,,Ntabethemba,,,,
,Mtontsasa,OR Tambo District,Eastern Cape,,,,Ntabozuko,,,,
,Ngangelizwe,OR Tambo District,Eastern Cape,,,,Nxuba,,,,
,Ngqeleni,OR Tambo District,Eastern Cape,,,,Palmietfontein,,,,
,Port St Johns,OR Tambo District,Eastern Cape,,,,Patensie,,,,
,Qumbu,OR Tambo District,Eastern Cape,,,,Paterson,,,,
,Sulenkama,OR Tambo District,Eastern Cape,,,,Pearston,,,,
,Thina Falls,OR Tambo District,Eastern Cape,,,,Peddie,,,,
,Tsolo,OR Tambo District,Eastern Cape,,,,Pholile,,,,
,Aberdeen,Sarah Baartman District,Eastern Cape,,,,Phumalanga,,,,
,Addo,Sarah Baartman District,Eastern Cape,,,,Port Alfred,,,,
,Alexandria,Sarah Baartman District,Eastern Cape,,,,Port St Johns,,,,
,Alicedale,Sarah Baartman District,Eastern Cape,,,,Punzana,,,,
,Bathurst,Sarah Baartman District,Eastern Cape,,,,Qhasa,,,,
,Baviaanskloof,Sarah Baartman District,Eastern Cape,,,,Qonce,,,,
,Committees,Sarah Baartman District,Eastern Cape,,,,Qumbu,,,,
,Cookhouse,Sarah Baartman District,Eastern Cape,,,,Qumrha,,,,
,Fort Brown,Sarah Baartman District,Eastern Cape,,,,Rhodes,,,,
,Graaff-Reinet,Sarah Baartman District,Eastern Cape,,,,Riebeeck East,,,,
,Hankey,Sarah Baartman District,Eastern Cape,,,,Rietbron,,,,
,Humansdorp,Sarah Baartman District,Eastern Cape,,,,Rossouw,,,,
,Jansenville,Sarah Baartman District,Eastern Cape,,,,Scenery Park,,,,
,Jeffreys Bay,Sarah Baartman District,Eastern Cape,,,,Seafield,,,,
,Joubertina,Sarah Baartman District,Eastern Cape,,,,Seven Fountains,,,,
,Joza,Sarah Baartman District,Eastern Cape,,,,Seymour,,,,
,Kareedouw,Sarah Baartman District,Eastern Cape,,,,St Francis Bay,,,,
,Kenton On Sea,Sarah Baartman District,Eastern Cape,,,,Sterkspruit,,,,
,Kinkelbos,Sarah Baartman District,Eastern Cape,,,,Sterkstroom,,,,
,Klipplaat,Sarah Baartman District,Eastern Cape,,,,Steve Vukile Tshwete,,,,
,KwaNojoli,Sarah Baartman District,Eastern Cape,,,,Steynsburg,,,,
,Makhanda,Sarah Baartman District,Eastern Cape,,,,Steytlerville,,,,
,Nemato,Sarah Baartman District,Eastern Cape,,,,Storms River,,,,
,Nqweba,Sarah Baartman District,Eastern Cape,,,,Stutterheim,,,,
,Patensie,Sarah Baartman District,Eastern Cape,,,,Sulenkama,,,,
,Paterson,Sarah Baartman District,Eastern Cape,,,,Swartkops,,,,
,Pearston,Sarah Baartman District,Eastern Cape,,,,Tabase,,,,
,Port Alfred,Sarah Baartman District,Eastern Cape,,,,Tamara,,,,
,Riebeeck East,Sarah Baartman District,Eastern Cape,,,,Tarkastad,,,,
,Rietbron,Sarah Baartman District,Eastern Cape,,,,Thina Falls,,,,
,Seafield,Sarah Baartman District,Eastern Cape,,,,Thomas River,,,,
,Seven Fountains,Sarah Baartman District,Eastern Cape,,,,Thornhill,,,,
,St Francis Bay,Sarah Baartman District,Eastern Cape,,,,Thornhill Ciskei,,,,
,Steytlerville,Sarah Baartman District,Eastern Cape,,,,Tlokoeng,,,,
,Storms River,Sarah Baartman District,Eastern Cape,,,,Tsolo,,,,
,Thornhill,Sarah Baartman District,Eastern Cape,,,,Tsomo,,,,
,Willowmore,Sarah Baartman District,Eastern Cape,,,,Tyefu,,,,
,Wolwefontein,Sarah Baartman District,Eastern Cape,,,,Tylden,,,,
,Cornelia,Fezile Dabi District,Free State,,,,Ugie,,,,
,Deneysville,Fezile Dabi District,Free State,,,,Venterstad,,,,
,Edenville,Fezile Dabi District,Free State,,,,Vulindlela,,,,
,Heilbron,Fezile Dabi District,Free State,,,,Walmer,,,,
,Heuningspruit,Fezile Dabi District,Free State,,,,Whittlesea,,,,
,Koppies,Fezile Dabi District,Free State,,,,Willowmore,,,,
,Kroonstad,Fezile Dabi District,Free State,,,,Willowvale,,,,
,Mafube,Fezile Dabi District,Free State,,,,Wolwefontein,,,,
,Maokeng,Fezile Dabi District,Free State,,,,Zamuxolo,,,,
,Oranjeville,Fezile Dabi District,Free State,,,,Zele,,,,
,Parys,Fezile Dabi District,Free State,,,,Zwelitsha,,,,
,Sasolburg,Fezile Dabi District,Free State,,,,,,,,
,Steynsrus,Fezile Dabi District,Free State,,,,,,,,
,Tumahole,Fezile Dabi District,Free State,,,,,,,,
,Tweeling,Fezile Dabi District,Free State,,,,,,,,
,Vierfontein,Fezile Dabi District,Free State,,,,,,,,
,Viljoensdrif,Fezile Dabi District,Free State,,,,,,,,
,Viljoenskroon,Fezile Dabi District,Free State,,,,,,,,
,Villiers,Fezile Dabi District,Free State,,,,,,,,
,Vredefort,Fezile Dabi District,Free State,,,,,,,,
,Zamdela,Fezile Dabi District,Free State,,,,,,,,
,Allanridge,Lejweleputswa District,Free State,,,,,,,,
,Boshof,Lejweleputswa District,Free State,,,,,,,,
,Bothaville,Lejweleputswa District,Free State,,,,,,,,
,Brandfort,Lejweleputswa District,Free State,,,,,,,,
,Bronville,Lejweleputswa District,Free State,,,,,,,,
,Bultfontein,Lejweleputswa District,Free State,,,,,,,,
,Dealesville,Lejweleputswa District,Free State,,,,,,,,
,Hennenman,Lejweleputswa District,Free State,,,,,,,,
,Hertzogville,Lejweleputswa District,Free State,,,,,,,,
,Hoopstad,Lejweleputswa District,Free State,,,,,,,,
,Meloding,Lejweleputswa District,Free State,,,,,,,,
,Odendaalsrus,Lejweleputswa District,Free State,,,,,,,,
,Sunrise View,Lejweleputswa District,Free State,,,,,,,,
,Thabong,Lejweleputswa District,Free State,,,,,,,,
,Theunissen,Lejweleputswa District,Free State,,,,,,,,
,Ventersburg,Lejweleputswa District,Free State,,,,,,,,
,Verkeerdevlei,Lejweleputswa District,Free State,,,,,,,,
,Virginia,Lejweleputswa District,Free State,,,,,,,,
,Welkom,Lejweleputswa District,Free State,,,,,,,,
,Wesselsbron,Lejweleputswa District,Free State,,,,,,,,
,Winburg,Lejweleputswa District,Free State,,,,,,,,
,Bainsvlei,Mangaung District,Free State,,,,,,,,
,Batho,Mangaung District,Free State,,,,,,,,
,Bayswater,Mangaung District,Free State,,,,,,,,
,Bloemspruit,Mangaung District,Free State,,,,,,,,
,Boithuso,Mangaung District,Free State,,,,,,,,
,Botshabelo,Mangaung District,Free State,,,,,,,,
,Dewetsdorp,Mangaung District,Free State,,,,,,,,
,Glen,Mangaung District,Free State,,,,,,,,
,Heidedal,Mangaung District,Free State,,,,,,,,
,Kagisanong,Mangaung District,Free State,,,,,,,,
,Kopanong,Mangaung District,Free State,,,,,,,,
,Mangaung,Mangaung District,Free State,,,,,,,,
,Navalsig,Mangaung District,Free State,,,,,,,,
,Park Road,Mangaung District,Free State,,,,,,,,
,Selosesha,Mangaung District,Free State,,,,,,,,
,Sonskyn,Mangaung District,Free State,,,,,,,,
,Soutpan,Mangaung District,Free State,,,,,,,,
,Thaba-Nchu,Mangaung District,Free State,,,,,,,,
,Tierpoort,Mangaung District,Free State,,,,,,,,
,Van Stadensrus,Mangaung District,Free State,,,,,,,,
,Wepener,Mangaung District,Free State,,,,,,,,
,Arlington,Thabo Mofutsanyana District,Free State,,,,,,,,
,Bethlehem,Thabo Mofutsanyana District,Free State,,,,,,,,
,Bohlokong,Thabo Mofutsanyana District,Free State,,,,,,,,
,Clarens,Thabo Mofutsanyana District,Free State,,,,,,,,
,Clocolan,Thabo Mofutsanyana District,Free State,,,,,,,,
,Excelsior,Thabo Mofutsanyana District,Free State,,,,,,,,
,Ficksburg,Thabo Mofutsanyana District,Free State,,,,,,,,
,Fouriesburg,Thabo Mofutsanyana District,Free State,,,,,,,,
,Harrismith,Thabo Mofutsanyana District,Free State,,,,,,,,
,Hobhouse,Thabo Mofutsanyana District,Free State,,,,,,,,
,Kestell,Thabo Mofutsanyana District,Free State,,,,,,,,
,Kommissiepoort,Thabo Mofutsanyana District,Free State,,,,,,,,
,Ladybrand,Thabo Mofutsanyana District,Free State,,,,,,,,
,Lindley,Thabo Mofutsanyana District,Free State,,,,,,,,
,Makwane,Thabo Mofutsanyana District,Free State,,,,,,,,
,Marquard,Thabo Mofutsanyana District,Free State,,,,,,,,
,Memel,Thabo Mofutsanyana District,Free State,,,,,,,,
,Namahadi,Thabo Mofutsanyana District,Free State,,,,,,,,
,Paul Roux,Thabo Mofutsanyana District,Free State,,,,,,,,
,Petrus Steyn,Thabo Mofutsanyana District,Free State,,,,,,,,
,Phuthaditjhaba,Thabo Mofutsanyana District,Free State,,,,,,,,
,Reitz,Thabo Mofutsanyana District,Free State,,,,,,,,
,Roadside,Thabo Mofutsanyana District,Free State,,,,,,,,
,Rosendal,Thabo Mofutsanyana District,Free State,,,,,,,,
,Senekal,Thabo Mofutsanyana District,Free State,,,,,,,,
,Tseki,Thabo Mofutsanyana District,Free State,,,,,,,,
,Tseseng,Thabo Mofutsanyana District,Free State,,,,,,,,
,Tweespruit,Thabo Mofutsanyana District,Free State,,,,,,,,
,Verkykerskop,Thabo Mofutsanyana District,Free State,,,,,,,,
,Vrede,Thabo Mofutsanyana District,Free State,,,,,,,,
,Warden,Thabo Mofutsanyana District,Free State,,,,,,,,
,Bethulie,Xhariep District,Free State,,,,,,,,
,Edenburg,Xhariep District,Free State,,,,,,,,
,Fauresmith,Xhariep District,Free State,,,,,,,,
,Gariepdam,Xhariep District,Free State,,,,,,,,
,Goedemoed,Xhariep District,Free State,,,,,,,,
,Jacobsdal,Xhariep District,Free State,,,,,,,,
,Jagersfontein,Xhariep District,Free State,,,,,,,,
,Koffiefontein,Xhariep District,Free State,,,,,,,,
,Luckhoff,Xhariep District,Free State,,,,,,,,
,Petrusburg,Xhariep District,Free State,,,,,,,,
,Philippolis,Xhariep District,Free State,,,,,,,,
,Reddersburg,Xhariep District,Free State,,,,,,,,
,Rouxville,Xhariep District,Free State,,,,,,,,
,Smithfield,Xhariep District,Free State,,,,,,,,
,Springfontein,Xhariep District,Free State,,,,,,,,
,Steunmekaar,Xhariep District,Free State,,,,,,,,
,Trompsburg,Xhariep District,Free State,,,,,,,,
,Wanda,Xhariep District,Free State,,,,,,,,
,Zastron,Xhariep District,Free State,,,,,,,,
,Actonville,Ekurhuleni District,Gauteng,,,,,,,,
,Alberton,Ekurhuleni District,Gauteng,,,,,,,,
,Bedfordview,Ekurhuleni District,Gauteng,,,,,,,,
,Benoni,Ekurhuleni District,Gauteng,,,,,,,,
,Boksburg,Ekurhuleni District,Gauteng,,,,,,,,
,Boksburg North,Ekurhuleni District,Gauteng,,,,,,,,
,Brackendowns,Ekurhuleni District,Gauteng,,,,,,,,
,Brakpan,Ekurhuleni District,Gauteng,,,,,,,,
,Crystalpark,Ekurhuleni District,Gauteng,,,,,,,,
,Daveyton,Ekurhuleni District,Gauteng,,,,,,,,
,Dawn Park,Ekurhuleni District,Gauteng,,,,,,,,
,Devon,Ekurhuleni District,Gauteng,,,,,,,,
,Duduza,Ekurhuleni District,Gauteng,,,,,,,,
,Dunnottar,Ekurhuleni District,Gauteng,,,,,,,,
,Edenpark,Ekurhuleni District,Gauteng,,,,,,,,
,Edenvale,Ekurhuleni District,Gauteng,,,,,,,,
,Elsburg,Ekurhuleni District,Gauteng,,,,,,,,
,Etwatwa,Ekurhuleni District,Gauteng,,,,,,,,
,Germiston,Ekurhuleni District,Gauteng,,,,,,,,
,Ivory Park,Ekurhuleni District,Gauteng,,,,,,,,
,Katlehong,Ekurhuleni District,Gauteng,,,,,,,,
,Katlehong North,Ekurhuleni District,Gauteng,,,,,,,,
,Kempton Park,Ekurhuleni District,Gauteng,,,,,,,,
,Kwa Thema,Ekurhuleni District,Gauteng,,,,,,,,
,Nigel,Ekurhuleni District,Gauteng,,,,,,,,
,Norkempark,Ekurhuleni District,Gauteng,,,,,,,,
,Olifantsfontein,Ekurhuleni District,Gauteng,,,,,,,,
,Primrose,Ekurhuleni District,Gauteng,,,,,,,,
,Putfontein,Ekurhuleni District,Gauteng,,,,,,,,
,Rabie Ridge,Ekurhuleni District,Gauteng,,,,,,,,
,Reigerpark,Ekurhuleni District,Gauteng,,,,,,,,
,Sebenza,Ekurhuleni District,Gauteng,,,,,,,,
,Springs,Ekurhuleni District,Gauteng,,,,,,,,
,Tembisa,Ekurhuleni District,Gauteng,,,,,,,,
,Tembisa South,Ekurhuleni District,Gauteng,,,,,,,,
,Tokoza,Ekurhuleni District,Gauteng,,,,,,,,
,Tsakane,Ekurhuleni District,Gauteng,,,,,,,,
,Vosloorus,Ekurhuleni District,Gauteng,,,,,,,,
,Zonkizizwe,Ekurhuleni District,Gauteng,,,,,,,,
,OR Tambo Intern Airp,Gauteng: ports of entry: Air,Gauteng,,,,,,,,
,Alexandra,Johannesburg District,Gauteng,,,,,,,,
,Booysens,Johannesburg District,Gauteng,,,,,,,,
,Bramley,Johannesburg District,Gauteng,,,,,,,,
,Brixton,Johannesburg District,Gauteng,,,,,,,,
,Cleveland,Johannesburg District,Gauteng,,,,,,,,
,Cosmo City,Johannesburg District,Gauteng,,,,,,,,
,Diepkloof,Johannesburg District,Gauteng,,,,,,,,
,Diepsloot,Johannesburg District,Gauteng,,,,,,,,
,Dobsonville,Johannesburg District,Gauteng,,,,,,,,
,Doornkop,Johannesburg District,Gauteng,,,,,,,,
,Douglasdale,Johannesburg District,Gauteng,,,,,,,,
,Eldorado Park,Johannesburg District,Gauteng,,,,,,,,
,Ennerdale,Johannesburg District,Gauteng,,,,,,,,
,Fairland,Johannesburg District,Gauteng,,,,,,,,
,Florida,Johannesburg District,Gauteng,,,,,,,,
,Hillbrow,Johannesburg District,Gauteng,,,,,,,,
,Honeydew,Johannesburg District,Gauteng,,,,,,,,
,Jabulani,Johannesburg District,Gauteng,,,,,,,,
,Jeppe,Johannesburg District,Gauteng,,,,,,,,
,JHB Central,Johannesburg District,Gauteng,,,,,,,,
,Kliptown,Johannesburg District,Gauteng,,,,,,,,
,Langlaagte,Johannesburg District,Gauteng,,,,,,,,
,Lenasia,Johannesburg District,Gauteng,,,,,,,,
,Lenasia South,Johannesburg District,Gauteng,,,,,,,,
,Linden,Johannesburg District,Gauteng,,,,,,,,
,Meadowlands,Johannesburg District,Gauteng,,,,,,,,
,Midrand,Johannesburg District,Gauteng,,,,,,,,
,Moffatview,Johannesburg District,Gauteng,,,,,,,,
,Mondeor,Johannesburg District,Gauteng,,,,,,,,
,Moroka,Johannesburg District,Gauteng,,,,,,,,
,Naledi,Johannesburg District,Gauteng,,,,,,,,
,Norwood,Johannesburg District,Gauteng,,,,,,,,
,Orlando,Johannesburg District,Gauteng,,,,,,,,
,Parkview,Johannesburg District,Gauteng,,,,,,,,
,Protea,Johannesburg District,Gauteng,,,,,,,,
,Randburg,Johannesburg District,Gauteng,,,,,,,,
,Roodepoort,Johannesburg District,Gauteng,,,,,,,,
,Rosebank,Johannesburg District,Gauteng,,,,,,,,
,Sandringham,Johannesburg District,Gauteng,,,,,,,,
,Sandton,Johannesburg District,Gauteng,,,,,,,,
,Sophia Town,Johannesburg District,Gauteng,,,,,,,,
,Yeoville,Johannesburg District,Gauteng,,,,,,,,
,Boipatong,Sedibeng District,Gauteng,,,,,,,,
,De Deur,Sedibeng District,Gauteng,,,,,,,,
,Evaton,Sedibeng District,Gauteng,,,,,,,,
,Heidelberg (GP),Sedibeng District,Gauteng,,,,,,,,
,Kliprivier,Sedibeng District,Gauteng,,,,,,,,
,Meyerton,Sedibeng District,Gauteng,,,,,,,,
,Orange Farms,Sedibeng District,Gauteng,,,,,,,,
,Ratanda,Sedibeng District,Gauteng,,,,,,,,
,Sebokeng,Sedibeng District,Gauteng,,,,,,,,
,Sharpeville,Sedibeng District,Gauteng,,,,,,,,
,The Barrage,Sedibeng District,Gauteng,,,,,,,,
,Vaal Marina,Sedibeng District,Gauteng,,,,,,,,
,Vanderbijlpark,Sedibeng District,Gauteng,,,,,,,,
,Vereeniging,Sedibeng District,Gauteng,,,,,,,,
,Akasia,Tshwane District,Gauteng,,,,,,,,
,Atteridgeville,Tshwane District,Gauteng,,,,,,,,
,Boschkop,Tshwane District,Gauteng,,,,,,,,
,Bronkhorstspruit,Tshwane District,Gauteng,,,,,,,,
,Brooklyn,Tshwane District,Gauteng,,,,,,,,
,Cullinan,Tshwane District,Gauteng,,,,,,,,
,Dube,Tshwane District,Gauteng,,,,,,,,
,Eersterust,Tshwane District,Gauteng,,,,,,,,
,Ekangala,Tshwane District,Gauteng,,,,,,,,
,Erasmia,Tshwane District,Gauteng,,,,,,,,
,Ga-Rankuwa,Tshwane District,Gauteng,,,,,,,,
,Garsfontein,Tshwane District,Gauteng,,,,,,,,
,Hammanskraal,Tshwane District,Gauteng,,,,,,,,
,Hercules,Tshwane District,Gauteng,,,,,,,,
,Kameeldrift,Tshwane District,Gauteng,,,,,,,,
,Laudium,Tshwane District,Gauteng,,,,,,,,
,Loate,Tshwane District,Gauteng,,,,,,,,
,Lyttelton,Tshwane District,Gauteng,,,,,,,,
,Mabopane,Tshwane District,Gauteng,,,,,,,,
,Mamelodi,Tshwane District,Gauteng,,,,,,,,
,Mamelodi East,Tshwane District,Gauteng,,,,,,,,
,Olievenhoutbosch,Tshwane District,Gauteng,,,,,,,,
,Pretoria Central,Tshwane District,Gauteng,,,,,,,,
,Pretoria Moot,Tshwane District,Gauteng,,,,,,,,
,Pretoria North,Tshwane District,Gauteng,,,,,,,,
,Pretoria West,Tshwane District,Gauteng,,,,,,,,
,Rietgat,Tshwane District,Gauteng,,,,,,,,
,Silverton,Tshwane District,Gauteng,,,,,,,,
,Sinoville,Tshwane District,Gauteng,,,,,,,,
,Soshanguve,Tshwane District,Gauteng,,,,,,,,
,Sunnyside,Tshwane District,Gauteng,,,,,,,,
,Temba,Tshwane District,Gauteng,,,,,,,,
,Villieria,Tshwane District,Gauteng,,,,,,,,
,Welbekend,Tshwane District,Gauteng,,,,,,,,
,Wierdabrug,Tshwane District,Gauteng,,,,,,,,
,Wonderboompoort,Tshwane District,Gauteng,,,,,,,,
,Bekkersdal,West Rand District,Gauteng,,,,,,,,
,Carletonville,West Rand District,Gauteng,,,,,,,,
,Fochville,West Rand District,Gauteng,,,,,,,,
,Hekpoort,West Rand District,Gauteng,,,,,,,,
,Kagiso,West Rand District,Gauteng,,,,,,,,
,Khutsong,West Rand District,Gauteng,,,,,,,,
,Krugersdorp,West Rand District,Gauteng,,,,,,,,
,Magaliesburg,West Rand District,Gauteng,,,,,,,,
,Mohlakeng,West Rand District,Gauteng,,,,,,,,
,Muldersdrift,West Rand District,Gauteng,,,,,,,,
,Randfontein,West Rand District,Gauteng,,,,,,,,
,Tarlton,West Rand District,Gauteng,,,,,,,,
,Wedela,West Rand District,Gauteng,,,,,,,,
,Westonaria,West Rand District,Gauteng,,,,,,,,
,Charlestown,Amajuba District,KwaZulu-Natal,,,,,,,,
,Dannhauser,Amajuba District,KwaZulu-Natal,,,,,,,,
,Groenvlei,Amajuba District,KwaZulu-Natal,,,,,,,,
,Hattingspruit,Amajuba District,KwaZulu-Natal,,,,,,,,
,Ingogo,Amajuba District,KwaZulu-Natal,,,,,,,,
,Kingsley,Amajuba District,KwaZulu-Natal,,,,,,,,
,Madadeni,Amajuba District,KwaZulu-Natal,,,,,,,,
,Newcastle,Amajuba District,KwaZulu-Natal,,,,,,,,
,Normandien,Amajuba District,KwaZulu-Natal,,,,,,,,
,Osizweni,Amajuba District,KwaZulu-Natal,,,,,,,,
,Utrecht,Amajuba District,KwaZulu-Natal,,,,,,,,
,Amanzimtoti,eThekwini District,KwaZulu-Natal,,,,,,,,
,Bayview,eThekwini District,KwaZulu-Natal,,,,,,,,
,Bellair,eThekwini District,KwaZulu-Natal,,,,,,,,
,Berea,eThekwini District,KwaZulu-Natal,,,,,,,,
,Bhekithemba,eThekwini District,KwaZulu-Natal,,,,,,,,
,Brighton Beach,eThekwini District,KwaZulu-Natal,,,,,,,,
,Cato Manor,eThekwini District,KwaZulu-Natal,,,,,,,,
,Chatsworth,eThekwini District,KwaZulu-Natal,,,,,,,,
,Durban Central,eThekwini District,KwaZulu-Natal,,,,,,,,
,Durban North,eThekwini District,KwaZulu-Natal,,,,,,,,
,Folweni,eThekwini District,KwaZulu-Natal,,,,,,,,
,Greenwood Park,eThekwini District,KwaZulu-Natal,,,,,,,,
,Hammarsdale,eThekwini District,KwaZulu-Natal,,,,,,,,
,Hillcrest,eThekwini District,KwaZulu-Natal,,,,,,,,
,Inanda,eThekwini District,KwaZulu-Natal,,,,,,,,
,Inchanga,eThekwini District,KwaZulu-Natal,,,,,,,,
,Isipingo,eThekwini District,KwaZulu-Natal,,,,,,,,
,KwaDabeka,eThekwini District,KwaZulu-Natal,,,,,,,,
,KwaMakhutha,eThekwini District,KwaZulu-Natal,,,,,,,,
,KwaMashu E,eThekwini District,KwaZulu-Natal,,,,,,,,
,KwaNdengezi,eThekwini District,KwaZulu-Natal,,,,,,,,
,Lamontville,eThekwini District,KwaZulu-Natal,,,,,,,,
,Malvern,eThekwini District,KwaZulu-Natal,,,,,,,,
,Mariannhill,eThekwini District,KwaZulu-Natal,,,,,,,,
,Mayville-KZN,eThekwini District,KwaZulu-Natal,,,,,,,,
,Montclair,eThekwini District,KwaZulu-Natal,,,,,,,,
,Mpumalanga KZN,eThekwini District,KwaZulu-Natal,,,,,,,,
,Newlands East,eThekwini District,KwaZulu-Natal,,,,,,,,
,Ntuzuma,eThekwini District,KwaZulu-Natal,,,,,,,,
,Phoenix,eThekwini District,KwaZulu-Natal,,,,,,,,
,Pinetown,eThekwini District,KwaZulu-Natal,,,,,,,,
,Point,eThekwini District,KwaZulu-Natal,,,,,,,,
,Sydenham,eThekwini District,KwaZulu-Natal,,,,,,,,
,Tongaat,eThekwini District,KwaZulu-Natal,,,,,,,,
,Umbilo,eThekwini District,KwaZulu-Natal,,,,,,,,
,Umbumbulu,eThekwini District,KwaZulu-Natal,,,,,,,,
,Umkomaas,eThekwini District,KwaZulu-Natal,,,,,,,,
,Umlazi,eThekwini District,KwaZulu-Natal,,,,,,,,
,Umsunduzi,eThekwini District,KwaZulu-Natal,,,,,,,,
,Verulam,eThekwini District,KwaZulu-Natal,,,,,,,,
,Wentworth,eThekwini District,KwaZulu-Natal,,,,,,,,
,Westville,eThekwini District,KwaZulu-Natal,,,,,,,,
,Bulwer,Harry Gwala District,KwaZulu-Natal,,,,,,,,
,Creighton,Harry Gwala District,KwaZulu-Natal,,,,,,,,
,Donnybrook,Harry Gwala District,KwaZulu-Natal,,,,,,,,
,Evatt,Harry Gwala District,KwaZulu-Natal,,,,,,,,
,Franklin,Harry Gwala District,KwaZulu-Natal,,,,,,,,
,Gowan Lea,Harry Gwala District,KwaZulu-Natal,,,,,,,,
,Highflats,Harry Gwala District,KwaZulu-Natal,,,,,,,,
,Himeville,Harry Gwala District,KwaZulu-Natal,,,,,,,,
,Ibisi,Harry Gwala District,KwaZulu-Natal,,,,,,,,
,Intsikeni,Harry Gwala District,KwaZulu-Natal,,,,,,,,
,Ixopo,Harry Gwala District,KwaZulu-Natal,,,,,,,,
,Kokstad,Harry Gwala District,KwaZulu-Natal,,,,,,,,
,Swartberg,Harry Gwala District,KwaZulu-Natal,,,,,,,,
,Umzimkhulu,Harry Gwala District,KwaZulu-Natal,,,,,,,,
,Glendale,Ilembe District,KwaZulu-Natal,,,,,,,,
,KwaDukuza,Ilembe District,KwaZulu-Natal,,,,,,,,
,Mandeni,Ilembe District,KwaZulu-Natal,,,,,,,,
,Maphumulo,Ilembe District,KwaZulu-Natal,,,,,,,,
,Ndwedwe,Ilembe District,KwaZulu-Natal,,,,,,,,
,Newark,Ilembe District,KwaZulu-Natal,,,,,,,,
,Nsuze,Ilembe District,KwaZulu-Natal,,,,,,,,
,Nyoni,Ilembe District,KwaZulu-Natal,,,,,,,,
,Sundumbili,Ilembe District,KwaZulu-Natal,,,,,,,,
,Umhlali,Ilembe District,KwaZulu-Natal,,,,,,,,
,Ekombe,King Cetshwayo District,KwaZulu-Natal,,,,,,,,
,Empangeni,King Cetshwayo District,KwaZulu-Natal,,,,,,,,
,Eshowe,King Cetshwayo District,KwaZulu-Natal,,,,,,,,
,Esikhaleni,King Cetshwayo District,KwaZulu-Natal,,,,,,,,
,Gingindlovu,King Cetshwayo District,KwaZulu-Natal,,,,,,,,
,KwaMbonambi,King Cetshwayo District,KwaZulu-Natal,,,,,,,,
,Mbongolwane,King Cetshwayo District,KwaZulu-Natal,,,,,,,,
,Melmoth,King Cetshwayo District,KwaZulu-Natal,,,,,,,,
,Mtunzini,King Cetshwayo District,KwaZulu-Natal,,,,,,,,
,Nkandla,King Cetshwayo District,KwaZulu-Natal,,,,,,,,
,Ntambanana,King Cetshwayo District,KwaZulu-Natal,,,,,,,,
,Richards Bay,King Cetshwayo District,KwaZulu-Natal,,,,,,,,
,Int Airp King Shaka,Kwazulu-Natal: ports of entry: Air,KwaZulu-Natal,,,,,,,,
,Maydon Wharf,Kwazulu-Natal: ports of entry: Sea,KwaZulu-Natal,,,,,,,,
,Dududu,Ugu District,KwaZulu-Natal,,,,,,,,
,Ezinqoleni,Ugu District,KwaZulu-Natal,,,,,,,,
,Gamalakhe,Ugu District,KwaZulu-Natal,,,,,,,,
,Harding,Ugu District,KwaZulu-Natal,,,,,,,,
,Hibberdene,Ugu District,KwaZulu-Natal,,,,,,,,
,Margate,Ugu District,KwaZulu-Natal,,,,,,,,
,Mehlomnyama,Ugu District,KwaZulu-Natal,,,,,,,,
,Msinsini,Ugu District,KwaZulu-Natal,,,,,,,,
,Paddock,Ugu District,KwaZulu-Natal,,,,,,,,
,Port Edward,Ugu District,KwaZulu-Natal,,,,,,,,
,Port Shepstone,Ugu District,KwaZulu-Natal,,,,,,,,
,Sawoti,Ugu District,KwaZulu-Natal,,,,,,,,
,Scottburgh,Ugu District,KwaZulu-Natal,,,,,,,,
,Southport,Ugu District,KwaZulu-Natal,,,,,,,,
,St Faiths,Ugu District,KwaZulu-Natal,,,,,,,,
,Umzinto,Ugu District,KwaZulu-Natal,,,,,,,,
,Weza,Ugu District,KwaZulu-Natal,,,,,,,,
,Alexandra Road,Umgungundlovu District,KwaZulu-Natal,,,,,,,,
,Bishopstowe,Umgungundlovu District,KwaZulu-Natal,,,,,,,,
,Boston,Umgungundlovu District,KwaZulu-Natal,,,,,,,,
,Camperdown,Umgungundlovu District,KwaZulu-Natal,,,,,,,,
,Cramond,Umgungundlovu District,KwaZulu-Natal,,,,,,,,
,Dalton,Umgungundlovu District,KwaZulu-Natal,,,,,,,,
,Harburg,Umgungundlovu District,KwaZulu-Natal,,,,,,,,
,Hilton-KZN,Umgungundlovu District,KwaZulu-Natal,,,,,,,,
,Howick,Umgungundlovu District,KwaZulu-Natal,,,,,,,,
,Impendle,Umgungundlovu District,KwaZulu-Natal,,,,,,,,
,Mid Illovo,Umgungundlovu District,KwaZulu-Natal,,,,,,,,
,Mooi River,Umgungundlovu District,KwaZulu-Natal,,,,,,,,
,Mountain Rise,Umgungundlovu District,KwaZulu-Natal,,,,,,,,
,Mpophomeni,Umgungundlovu District,KwaZulu-Natal,,,,,,,,
,New Hanover,Umgungundlovu District,KwaZulu-Natal,,,,,,,,
,Nottingham Road,Umgungundlovu District,KwaZulu-Natal,,,,,,,,
,Pietermaritzburg,Umgungundlovu District,KwaZulu-Natal,,,,,,,,
,Plessislaer,Umgungundlovu District,KwaZulu-Natal,,,,,,,,
,Prestbury,Umgungundlovu District,KwaZulu-Natal,,,,,,,,
,Richmond-KZN,Umgungundlovu District,KwaZulu-Natal,,,,,,,,
,Rietvlei,Umgungundlovu District,KwaZulu-Natal,,,,,,,,
,Taylors Halt,Umgungundlovu District,KwaZulu-Natal,,,,,,,,
,Thornville,Umgungundlovu District,KwaZulu-Natal,,,,,,,,
,Town Hill,Umgungundlovu District,KwaZulu-Natal,,,,,,,,
,Wartburg,Umgungundlovu District,KwaZulu-Natal,,,,,,,,
,Emanguzi,Umkhanyakude District,KwaZulu-Natal,,,,,,,,
,Ezibayeni,Umkhanyakude District,KwaZulu-Natal,,,,,,,,
,Hlabisa,Umkhanyakude District,KwaZulu-Natal,,,,,,,,
,Hluhluwe,Umkhanyakude District,KwaZulu-Natal,,,,,,,,
,Ingwavuma,Umkhanyakude District,KwaZulu-Natal,,,,,,,,
,Jozini,Umkhanyakude District,KwaZulu-Natal,,,,,,,,
,KwaMsane,Umkhanyakude District,KwaZulu-Natal,,,,,,,,
,Mbazwana,Umkhanyakude District,KwaZulu-Natal,,,,,,,,
,Mkhuze,Umkhanyakude District,KwaZulu-Natal,,,,,,,,
,Mtubatuba,Umkhanyakude District,KwaZulu-Natal,,,,,,,,
,Ndumo,Umkhanyakude District,KwaZulu-Natal,,,,,,,,
,Dundee,Umzinyathi District,KwaZulu-Natal,,,,,,,,
,Ematimatolo,Umzinyathi District,KwaZulu-Natal,,,,,,,,
,Glencoe,Umzinyathi District,KwaZulu-Natal,,,,,,,,
,Greytown,Umzinyathi District,KwaZulu-Natal,,,,,,,,
,Helpmekaar,Umzinyathi District,KwaZulu-Natal,,,,,,,,
,Kranskop,Umzinyathi District,KwaZulu-Natal,,,,,,,,
,Msinga,Umzinyathi District,KwaZulu-Natal,,,,,,,,
,Muden,Umzinyathi District,KwaZulu-Natal,,,,,,,,
,Nhlanhleni,Umzinyathi District,KwaZulu-Natal,,,,,,,,
,Nondweni,Umzinyathi District,KwaZulu-Natal,,,,,,,,
,Nquthu,Umzinyathi District,KwaZulu-Natal,,,,,,,,
,Wasbank,Umzinyathi District,KwaZulu-Natal,,,,,,,,
,Amangwe,Uthukela District,KwaZulu-Natal,,,,,,,,
,Bergville,Uthukela District,KwaZulu-Natal,,,,,,,,
,Besters,Uthukela District,KwaZulu-Natal,,,,,,,,
,Colenso,Uthukela District,KwaZulu-Natal,,,,,,,,
,Ekuvukeni,Uthukela District,KwaZulu-Natal,,,,,,,,
,Elandslaagte,Uthukela District,KwaZulu-Natal,,,,,,,,
,Ematsheni,Uthukela District,KwaZulu-Natal,,,,,,,,
,Estcourt,Uthukela District,KwaZulu-Natal,,,,,,,,
,Ezakheni,Uthukela District,KwaZulu-Natal,,,,,,,,
,Ladysmith,Uthukela District,KwaZulu-Natal,,,,,,,,
,Ntabamhlophe,Uthukela District,KwaZulu-Natal,,,,,,,,
,Upper Tugela,Uthukela District,KwaZulu-Natal,,,,,,,,
,Van Reenen,Uthukela District,KwaZulu-Natal,,,,,,,,
,Weenen,Uthukela District,KwaZulu-Natal,,,,,,,,
,Wembezi,Uthukela District,KwaZulu-Natal,,,,,,,,
,Winterton,Uthukela District,KwaZulu-Natal,,,,,,,,
,Babanango,Zululand District,KwaZulu-Natal,,,,,,,,
,Ceza,Zululand District,KwaZulu-Natal,,,,,,,,
,Gluckstadt,Zululand District,KwaZulu-Natal,,,,,,,,
,Hlobane,Zululand District,KwaZulu-Natal,,,,,,,,
,Louwsburg,Zululand District,KwaZulu-Natal,,,,,,,,
,Magudu,Zululand District,KwaZulu-Natal,,,,,,,,
,Mahlabathini,Zululand District,KwaZulu-Natal,,,,,,,,
,Mondlo,Zululand District,KwaZulu-Natal,,,,,,,,
,Mpungamhlophe,Zululand District,KwaZulu-Natal,,,,,,,,
,Ngome,Zululand District,KwaZulu-Natal,,,,,,,,
,Nongoma,Zululand District,KwaZulu-Natal,,,,,,,,
,Paulpietersburg,Zululand District,KwaZulu-Natal,,,,,,,,
,Pongola,Zululand District,KwaZulu-Natal,,,,,,,,
,Ulundi,Zululand District,KwaZulu-Natal,,,,,,,,
,Vryheid,Zululand District,KwaZulu-Natal,,,,,,,,
,Alldays,Capricorn District,Limpopo,,,,,,,,
,Botlokwa,Capricorn District,Limpopo,,,,,,,,
,Lebowakgomo,Capricorn District,Limpopo,,,,,,,,
,Magatle,Capricorn District,Limpopo,,,,,,,,
,Maleboho,Capricorn District,Limpopo,,,,,,,,
,Malipsdrift,Capricorn District,Limpopo,,,,,,,,
,Mankweng,Capricorn District,Limpopo,,,,,,,,
,Mashashane,Capricorn District,Limpopo,,,,,,,,
,Matlala,Capricorn District,Limpopo,,,,,,,,
,Mogwadi,Capricorn District,Limpopo,,,,,,,,
,Moletlane,Capricorn District,Limpopo,,,,,,,,
,Morebeng,Capricorn District,Limpopo,,,,,,,,
,Phaudi,Capricorn District,Limpopo,,,,,,,,
,Polokwane,Capricorn District,Limpopo,,,,,,,,
,Saamboubrug,Capricorn District,Limpopo,,,,,,,,
,Sebayeng,Capricorn District,Limpopo,,,,,,,,
,Senwabarwana,Capricorn District,Limpopo,,,,,,,,
,Seshego,Capricorn District,Limpopo,,,,,,,,
,Tolwe,Capricorn District,Limpopo,,,,,,,,
,Westenburg,Capricorn District,Limpopo,,,,,,,,
,Zebediela,Capricorn District,Limpopo,,,,,,,,
,Bolobedu,Mopani District,Limpopo,,,,,,,,
,Giyani,Mopani District,Limpopo,,,,,,,,
,Gravelotte,Mopani District,Limpopo,,,,,,,,
,Haenertsburg,Mopani District,Limpopo,,,,,,,,
,Hlanganani,Mopani District,Limpopo,,,,,,,,
,Hoedspruit,Mopani District,Limpopo,,,,,,,,
,Letsitele,Mopani District,Limpopo,,,,,,,,
,Lulekani,Mopani District,Limpopo,,,,,,,,
,Maake,Mopani District,Limpopo,,,,,,,,
,Modjadjiskloof,Mopani District,Limpopo,,,,,,,,
,Mokwakwaila,Mopani District,Limpopo,,,,,,,,
,Muyexe,Mopani District,Limpopo,,,,,,,,
,Namakgale,Mopani District,Limpopo,,,,,,,,
,Phalaborwa,Mopani District,Limpopo,,,,,,,,
,Ritavi,Mopani District,Limpopo,,,,,,,,
,Sekgosese,Mopani District,Limpopo,,,,,,,,
,Tzaneen,Mopani District,Limpopo,,,,,,,,
,Apel,Sekhukhune District,Limpopo,,,,,,,,
,Burgersfort,Sekhukhune District,Limpopo,,,,,,,,
,Dennilton,Sekhukhune District,Limpopo,,,,,,,,
,Driekop,Sekhukhune District,Limpopo,,,,,,,,
,Elandskraal,Sekhukhune District,Limpopo,,,,,,,,
,Groblersdal,Sekhukhune District,Limpopo,,,,,,,,
,Hlogotlou,Sekhukhune District,Limpopo,,,,,,,,
,Jane Furse,Sekhukhune District,Limpopo,,,,,,,,
,Leboeng,Sekhukhune District,Limpopo,,,,,,,,
,Marble Hall,Sekhukhune District,Limpopo,,,,,,,,
,Masemola,Sekhukhune District,Limpopo,,,,,,,,
,Matlelerekeng,Sekhukhune District,Limpopo,,,,,,,,
,Mecklenburg,Sekhukhune District,Limpopo,,,,,,,,
,Motetema,Sekhukhune District,Limpopo,,,,,,,,
,Nebo,Sekhukhune District,Limpopo,,,,,,,,
,Ohrigstad,Sekhukhune District,Limpopo,,,,,,,,
,Rakgoadi,Sekhukhune District,Limpopo,,,,,,,,
,Roossenekal,Sekhukhune District,Limpopo,,,,,,,,
,Sekhukhune,Sekhukhune District,Limpopo,,,,,,,,
,Tubatse,Sekhukhune District,Limpopo,,,,,,,,
,Zaaiplaas,Sekhukhune District,Limpopo,,,,,,,,
,Bandelierkop,Vhembe District,Limpopo,,,,,,,,
,Levubu,Vhembe District,Limpopo,,,,,,,,
,Makhado,Vhembe District,Limpopo,,,,,,,,
,Makuya,Vhembe District,Limpopo,,,,,,,,
,Malamulele,Vhembe District,Limpopo,,,,,,,,
,Mara,Vhembe District,Limpopo,,,,,,,,
,Masisi,Vhembe District,Limpopo,,,,,,,,
,Mphephu,Vhembe District,Limpopo,,,,,,,,
,Musina,Vhembe District,Limpopo,,,,,,,,
,Muswodi,Vhembe District,Limpopo,,,,,,,,
,Mutale,Vhembe District,Limpopo,,,,,,,,
,Saselamani,Vhembe District,Limpopo,,,,,,,,
,Siloam,Vhembe District,Limpopo,,,,,,,,
,Thohoyandou,Vhembe District,Limpopo,,,,,,,,
,Tshamutumbu,Vhembe District,Limpopo,,,,,,,,
,Tshaulu,Vhembe District,Limpopo,,,,,,,,
,Tshilwavhusiku,Vhembe District,Limpopo,,,,,,,,
,Tshitale,Vhembe District,Limpopo,,,,,,,,
,Vhulaudzi,Vhembe District,Limpopo,,,,,,,,
,Vuwani,Vhembe District,Limpopo,,,,,,,,
,Waterpoort,Vhembe District,Limpopo,,,,,,,,
,Waterval,Vhembe District,Limpopo,,,,,,,,
,Bela-Bela,Waterberg District,Limpopo,,,,,,,,
,Bulgerivier,Waterberg District,Limpopo,,,,,,,,
,Cumberland,Waterberg District,Limpopo,,,,,,,,
,Dorset,Waterberg District,Limpopo,,,,,,,,
,Dwaalboom,Waterberg District,Limpopo,,,,,,,,
,Gilead,Waterberg District,Limpopo,,,,,,,,
,Hoopdal,Waterberg District,Limpopo,,,,,,,,
,Lephalale,Waterberg District,Limpopo,,,,,,,,
,Mahwelereng,Waterberg District,Limpopo,,,,,,,,
,Modimolle,Waterberg District,Limpopo,,,,,,,,
,Mokopane,Waterberg District,Limpopo,,,,,,,,
,Naboomspruit,Waterberg District,Limpopo,,,,,,,,
,Northam,Waterberg District,Limpopo,,,,,,,,
,Pienaarsrivier,Waterberg District,Limpopo,,,,,,,,
,Rankin's Pass,Waterberg District,Limpopo,,,,,,,,
,Roedtan,Waterberg District,Limpopo,,,,,,,,
,Rooiberg,Waterberg District,Limpopo,,,,,,,,
,Rust De Winter,Waterberg District,Limpopo,,,,,,,,
,Thabazimbi,Waterberg District,Limpopo,,,,,,,,
,Tinmyne,Waterberg District,Limpopo,,,,,,,,
,Tom Burke,Waterberg District,Limpopo,,,,,,,,
,Tuinplaas,Waterberg District,Limpopo,,,,,,,,
,Vaalwater,Waterberg District,Limpopo,,,,,,,,
,Villa Nora,Waterberg District,Limpopo,,,,,,,,
,Witpoort,Waterberg District,Limpopo,,,,,,,,
,Acornhoek,Ehlanzeni District,Mpumalanga,,,,,,,,
,Barberton,Ehlanzeni District,Mpumalanga,,,,,,,,
,Bushbuckridge,Ehlanzeni District,Mpumalanga,,,,,,,,
,Calcutta,Ehlanzeni District,Mpumalanga,,,,,,,,
,Dientjie,Ehlanzeni District,Mpumalanga,,,,,,,,
,Graskop,Ehlanzeni District,Mpumalanga,,,,,,,,
,Hazyview,Ehlanzeni District,Mpumalanga,,,,,,,,
,Kaapmuiden,Ehlanzeni District,Mpumalanga,,,,,,,,
,Kabokweni,Ehlanzeni District,Mpumalanga,,,,,,,,
,Kamhlushwa,Ehlanzeni District,Mpumalanga,,,,,,,,
,Kanyamazane,Ehlanzeni District,Mpumalanga,,,,,,,,
,Komatipoort,Ehlanzeni District,Mpumalanga,,,,,,,,
,Low's Creek,Ehlanzeni District,Mpumalanga,,,,,,,,
,Lydenburg,Ehlanzeni District,Mpumalanga,,,,,,,,
,Maartenshoop,Ehlanzeni District,Mpumalanga,,,,,,,,
,Malelane,Ehlanzeni District,Mpumalanga,,,,,,,,
,Masoyi,Ehlanzeni District,Mpumalanga,,,,,,,,
,Matsulu,Ehlanzeni District,Mpumalanga,,,,,,,,
,Mbuzini,Ehlanzeni District,Mpumalanga,,,,,,,,
,Mhala,Ehlanzeni District,Mpumalanga,,,,,,,,
,Nelspruit,Ehlanzeni District,Mpumalanga,,,,,,,,
,Ngodwana,Ehlanzeni District,Mpumalanga,,,,,,,,
,Pienaar,Ehlanzeni District,Mpumalanga,,,,,,,,
,Pilgrim's Rest,Ehlanzeni District,Mpumalanga,,,,,,,,
,Sabie,Ehlanzeni District,Mpumalanga,,,,,,,,
,Schoemansdal,Ehlanzeni District,Mpumalanga,,,,,,,,
,Skukuza,Ehlanzeni District,Mpumalanga,,,,,,,,
,Tonga,Ehlanzeni District,Mpumalanga,,,,,,,,
,Witrivier,Ehlanzeni District,Mpumalanga,,,,,,,,
,Amersfoort,Gert Sibande District,Mpumalanga,,,,,,,,
,Amsterdam,Gert Sibande District,Mpumalanga,,,,,,,,
,Badplaas,Gert Sibande District,Mpumalanga,,,,,,,,
,Balfour TVL,Gert Sibande District,Mpumalanga,,,,,,,,
,Bethal,Gert Sibande District,Mpumalanga,,,,,,,,
,Breyten,Gert Sibande District,Mpumalanga,,,,,,,,
,Carolina,Gert Sibande District,Mpumalanga,,,,,,,,
,Charl Cilliers,Gert Sibande District,Mpumalanga,,,,,,,,
,Chrissiesmeer,Gert Sibande District,Mpumalanga,,,,,,,,
,Daggakraal,Gert Sibande District,Mpumalanga,,,,,,,,
,Davel,Gert Sibande District,Mpumalanga,,,,,,,,
,Dirkiesdorp,Gert Sibande District,Mpumalanga,,,,,,,,
,Ekulindeni,Gert Sibande District,Mpumalanga,,,,,,,,
,Elukwatini,Gert Sibande District,Mpumalanga,,,,,,,,
,Embalenhle,Gert Sibande District,Mpumalanga,,,,,,,,
,Emzinoni,Gert Sibande District,Mpumalanga,,,,,,,,
,Ermelo,Gert Sibande District,Mpumalanga,,,,,,,,
,Evander,Gert Sibande District,Mpumalanga,,,,,,,,
,Fernie,Gert Sibande District,Mpumalanga,,,,,,,,
,Greylingstad,Gert Sibande District,Mpumalanga,,,,,,,,
,Grootvlei,Gert Sibande District,Mpumalanga,,,,,,,,
,Hartebeeskop,Gert Sibande District,Mpumalanga,,,,,,,,
,Kinross,Gert Sibande District,Mpumalanga,,,,,,,,
,Leslie,Gert Sibande District,Mpumalanga,,,,,,,,
,Lothair,Gert Sibande District,Mpumalanga,,,,,,,,
,Mahamba,Gert Sibande District,Mpumalanga,,,,,,,,
,Mayflower,Gert Sibande District,Mpumalanga,,,,,,,,
,Morgenzon Transvaal,Gert Sibande District,Mpumalanga,,,,,,,,
,Perdekop,Gert Sibande District,Mpumalanga,,,,,,,,
,Piet Retief,Gert Sibande District,Mpumalanga,,,,,,,,
,Sakhile,Gert Sibande District,Mpumalanga,,,,,,,,
,Secunda,Gert Sibande District,Mpumalanga,,,,,,,,
,Sheepmoor,Gert Sibande District,Mpumalanga,,,,,,,,
,Standerton,Gert Sibande District,Mpumalanga,,,,,,,,
,Trichardt,Gert Sibande District,Mpumalanga,,,,,,,,
,Val,Gert Sibande District,Mpumalanga,,,,,,,,
,Volksrust,Gert Sibande District,Mpumalanga,,,,,,,,
,Wakkerstroom,Gert Sibande District,Mpumalanga,,,,,,,,
,Belfast,Nkangala District,Mpumalanga,,,,,,,,
,Blinkpan,Nkangala District,Mpumalanga,,,,,,,,
,Delmas,Nkangala District,Mpumalanga,,,,,,,,
,Dullstroom,Nkangala District,Mpumalanga,,,,,,,,
,Hendrina,Nkangala District,Mpumalanga,,,,,,,,
,Kriel,Nkangala District,Mpumalanga,,,,,,,,
,Kwaggafontein,Nkangala District,Mpumalanga,,,,,,,,
,KwaMhlanga,Nkangala District,Mpumalanga,,,,,,,,
,Laersdrift,Nkangala District,Mpumalanga,,,,,,,,
,Machadodorp,Nkangala District,Mpumalanga,,,,,,,,
,Mhluzi,Nkangala District,Mpumalanga,,,,,,,,
,Middelburg Mpumalang,Nkangala District,Mpumalanga,,,,,,,,
,Mmametlake,Nkangala District,Mpumalanga,,,,,,,,
,Ogies,Nkangala District,Mpumalanga,,,,,,,,
,Phola,Nkangala District,Mpumalanga,,,,,,,,
,Siyabuswa,Nkangala District,Mpumalanga,,,,,,,,
,Sundra,Nkangala District,Mpumalanga,,,,,,,,
,Tweefontein,Nkangala District,Mpumalanga,,,,,,,,
,Vaalbank,Nkangala District,Mpumalanga,,,,,,,,
,Verena,Nkangala District,Mpumalanga,,,,,,,,
,Vosman,Nkangala District,Mpumalanga,,,,,,,,
,Waterval Boven,Nkangala District,Mpumalanga,,,,,,,,
,Witbank,Nkangala District,Mpumalanga,,,,,,,,
,Assen,Bojanala District,North West,,,,,,,,
,Bedwang,Bojanala District,North West,,,,,,,,
,Bethanie,Bojanala District,North West,,,,,,,,
,Boitekong,Bojanala District,North West,,,,,,,,
,Boons,Bojanala District,North West,,,,,,,,
,Brits,Bojanala District,North West,,,,,,,,
,Cyferskuil,Bojanala District,North West,,,,,,,,
,Dwarsberg,Bojanala District,North West,,,,,,,,
,Hartbeespoortdam,Bojanala District,North West,,,,,,,,
,Hebron,Bojanala District,North West,,,,,,,,
,Jericho,Bojanala District,North West,,,,,,,,
,Klipgat,Bojanala District,North West,,,,,,,,
,Koster,Bojanala District,North West,,,,,,,,
,Lethabong,Bojanala District,North West,,,,,,,,
,Letlhabile,Bojanala District,North West,,,,,,,,
,Mabeskraal,Bojanala District,North West,,,,,,,,
,Madikwe,Bojanala District,North West,,,,,,,,
,Makapanstad,Bojanala District,North West,,,,,,,,
,Marikana,Bojanala District,North West,,,,,,,,
,Mmakau,Bojanala District,North West,,,,,,,,
,Moeka Vuma,Bojanala District,North West,,,,,,,,
,Mogwase,Bojanala District,North West,,,,,,,,
,Mooinooi,Bojanala District,North West,,,,,,,,
,Mothotlung,Bojanala District,North West,,,,,,,,
,Phokeng,Bojanala District,North West,,,,,,,,
,Rustenburg,Bojanala District,North West,,,,,,,,
,Sun City,Bojanala District,North West,,,,,,,,
,Swartruggens,Bojanala District,North West,,,,,,,,
,Tlhabane,Bojanala District,North West,,,,,,,,
,Buffelshoek,Dr Kenneth Kaunda District,North West,,,,,,,,
,Hartbeesfontein,Dr Kenneth Kaunda District,North West,,,,,,,,
,Ikageng,Dr Kenneth Kaunda District,North West,,,,,,,,
,Jouberton,Dr Kenneth Kaunda District,North West,,,,,,,,
,Kanana,Dr Kenneth Kaunda District,North West,,,,,,,,
,Khuma,Dr Kenneth Kaunda District,North West,,,,,,,,
,Klerksdorp,Dr Kenneth Kaunda District,North West,,,,,,,,
,Klerkskraal,Dr Kenneth Kaunda District,North West,,,,,,,,
,Leeudoringstad,Dr Kenneth Kaunda District,North West,,,,,,,,
,Makwassie,Dr Kenneth Kaunda District,North West,,,,,,,,
,Orkney,Dr Kenneth Kaunda District,North West,,,,,,,,
,Potchefstroom,Dr Kenneth Kaunda District,North West,,,,,,,,
,Stilfontein,Dr Kenneth Kaunda District,North West,,,,,,,,
,Ventersdorp,Dr Kenneth Kaunda District,North West,,,,,,,,
,Wolmaransstad,Dr Kenneth Kaunda District,North West,,,,,,,,
,Amalia,Dr Ruth Segomotsi Mompati District,North West,,,,,,,,
,Bloemhof,Dr Ruth Segomotsi Mompati District,North West,,,,,,,,
,Boshoek,Dr Ruth Segomotsi Mompati District,North West,,,,,,,,
,Bray,Dr Ruth Segomotsi Mompati District,North West,,,,,,,,
,Christiana,Dr Ruth Segomotsi Mompati District,North West,,,,,,,,
,Ganyesa,Dr Ruth Segomotsi Mompati District,North West,,,,,,,,
,Huhudi,Dr Ruth Segomotsi Mompati District,North West,,,,,,,,
,Ipelegeng,Dr Ruth Segomotsi Mompati District,North West,,,,,,,,
,Kgomotso,Dr Ruth Segomotsi Mompati District,North West,,,,,,,,
,Mokopong,Dr Ruth Segomotsi Mompati District,North West,,,,,,,,
,Morokweng,Dr Ruth Segomotsi Mompati District,North West,,,,,,,,
,Piet Plessis,Dr Ruth Segomotsi Mompati District,North West,,,,,,,,
,Pudimoe,Dr Ruth Segomotsi Mompati District,North West,,,,,,,,
,Reivilo,Dr Ruth Segomotsi Mompati District,North West,,,,,,,,
,Schweizer-Reneke,Dr Ruth Segomotsi Mompati District,North West,,,,,,,,
,Stella,Dr Ruth Segomotsi Mompati District,North West,,,,,,,,
,Taung,Dr Ruth Segomotsi Mompati District,North West,,,,,,,,
,Vorstershoop,Dr Ruth Segomotsi Mompati District,North West,,,,,,,,
,Vryburg,Dr Ruth Segomotsi Mompati District,North West,,,,,,,,
,Atamelang,Ngaka Modiri Molema District,North West,,,,,,,,
,Biesiesvlei,Ngaka Modiri Molema District,North West,,,,,,,,
,Coligny,Ngaka Modiri Molema District,North West,,,,,,,,
,Delareyville,Ngaka Modiri Molema District,North West,,,,,,,,
,Groot Marico,Ngaka Modiri Molema District,North West,,,,,,,,
,Itsoseng,Ngaka Modiri Molema District,North West,,,,,,,,
,Lehurutshe,Ngaka Modiri Molema District,North West,,,,,,,,
,Lichtenburg,Ngaka Modiri Molema District,North West,,,,,,,,
,Lomanyaneng,Ngaka Modiri Molema District,North West,,,,,,,,
,Madibogo,Ngaka Modiri Molema District,North West,,,,,,,,
,Mahikeng,Ngaka Modiri Molema District,North West,,,,,,,,
,Makgobistad,Ngaka Modiri Molema District,North West,,,,,,,,
,Mareetsane,Ngaka Modiri Molema District,North West,,,,,,,,
,Mmabatho,Ngaka Modiri Molema District,North West,,,,,,,,
,Mooifontein,Ngaka Modiri Molema District,North West,,,,,,,,
,Motswedi,Ngaka Modiri Molema District,North West,,,,,,,,
,Nietverdiend,Ngaka Modiri Molema District,North West,,,,,,,,
,Ottosdal,Ngaka Modiri Molema District,North West,,,,,,,,
,Ottoshoop,Ngaka Modiri Molema District,North West,,,,,,,,
,Sannieshof,Ngaka Modiri Molema District,North West,,,,,,,,
,Setlagole,Ngaka Modiri Molema District,North West,,,,,,,,
,Tshidilamolomo,Ngaka Modiri Molema District,North West,,,,,,,,
,Zeerust,Ngaka Modiri Molema District,North West,,,,,,,,
,Barkly West,Frances Baard District,Northern Cape,,,,,,,,
,Boetsap,Frances Baard District,Northern Cape,,,,,,,,
,Delportshoop,Frances Baard District,Northern Cape,,,,,,,,
,Galeshewe,Frances Baard District,Northern Cape,,,,,,,,
,Hartswater,Frances Baard District,Northern Cape,,,,,,,,
,Jan Kempdorp,Frances Baard District,Northern Cape,,,,,,,,
,Kagisho,Frances Baard District,Northern Cape,,,,,,,,
,Kimberley,Frances Baard District,Northern Cape,,,,,,,,
,Koopmansfontein,Frances Baard District,Northern Cape,,,,,,,,
,Modder River,Frances Baard District,Northern Cape,,,,,,,,
,Pampierstat,Frances Baard District,Northern Cape,,,,,,,,
,Roodepan,Frances Baard District,Northern Cape,,,,,,,,
,Warrenton,Frances Baard District,Northern Cape,,,,,,,,
,Windsorton,Frances Baard District,Northern Cape,,,,,,,,
,Batlharos,John Taolo Gaetsewe District,Northern Cape,,,,,,,,
,Bothithong,John Taolo Gaetsewe District,Northern Cape,,,,,,,,
,Deben,John Taolo Gaetsewe District,Northern Cape,,,,,,,,
,Siyathemba,John Taolo Gaetsewe District,Northern Cape,,,,,,,,
,Heuningvlei,John Taolo Gaetsewe District,Northern Cape,,,,,,,,
,Kathu,John Taolo Gaetsewe District,Northern Cape,,,,,,,,
,Kuruman,John Taolo Gaetsewe District,Northern Cape,,,,,,,,
,Mothibistad,John Taolo Gaetsewe District,Northern Cape,,,,,,,,
,Olifantshoek,John Taolo Gaetsewe District,Northern Cape,,,,,,,,
,Severn,John Taolo Gaetsewe District,Northern Cape,,,,,,,,
,Tsineng,John Taolo Gaetsewe District,Northern Cape,,,,,,,,
,Van Zylsrus,John Taolo Gaetsewe District,Northern Cape,,,,,,,,
,Wrenchville,John Taolo Gaetsewe District,Northern Cape,,,,,,,,
,Aggeneys,Namakwa District,Northern Cape,,,,,,,,
,Alexander Bay,Namakwa District,Northern Cape,,,,,,,,
,Brandvlei,Namakwa District,Northern Cape,,,,,,,,
,Calvinia,Namakwa District,Northern Cape,,,,,,,,
,Fraserburg,Namakwa District,Northern Cape,,,,,,,,
,Garies,Namakwa District,Northern Cape,,,,,,,,
,Hondeklip Bay,Namakwa District,Northern Cape,,,,,,,,
,Kamieskroon,Namakwa District,Northern Cape,,,,,,,,
,Kleinsee,Namakwa District,Northern Cape,,,,,,,,
,Komaggas,Namakwa District,Northern Cape,,,,,,,,
,Loeriesfontein,Namakwa District,Northern Cape,,,,,,,,
,Middelpos,Namakwa District,Northern Cape,,,,,,,,
,Nababeep,Namakwa District,Northern Cape,,,,,,,,
,Nieuwoudtville,Namakwa District,Northern Cape,,,,,,,,
,Onseepkans,Namakwa District,Northern Cape,,,,,,,,
,Pella,Namakwa District,Northern Cape,,,,,,,,
,Pofadder,Namakwa District,Northern Cape,,,,,,,,
,Port Nolloth,Namakwa District,Northern Cape,,,,,,,,
,Springbok,Namakwa District,Northern Cape,,,,,,,,
,Steinkopf,Namakwa District,Northern Cape,,,,,,,,
,Sutherland,Namakwa District,Northern Cape,,,,,,,,
,Vioolsdrif,Namakwa District,Northern Cape,,,,,,,,
,Williston,Namakwa District,Northern Cape,,,,,,,,
,Belmont,Pixley ka Seme District,Northern Cape,,,,,,,,
,Britstown,Pixley ka Seme District,Northern Cape,,,,,,,,
,Campbell,Pixley ka Seme District,Northern Cape,,,,,,,,
,Carnarvon,Pixley ka Seme District,Northern Cape,,,,,,,,
,Colesberg,Pixley ka Seme District,Northern Cape,,,,,,,,
,De Aar,Pixley ka Seme District,Northern Cape,,,,,,,,
,Douglas,Pixley ka Seme District,Northern Cape,,,,,,,,
,Griekwastad,Pixley ka Seme District,Northern Cape,,,,,,,,
,Hanover,Pixley ka Seme District,Northern Cape,,,,,,,,
,Hopetown,Pixley ka Seme District,Northern Cape,,,,,,,,
,Kuyasa,Pixley ka Seme District,Northern Cape,,,,,,,,
,Loxton,Pixley ka Seme District,Northern Cape,,,,,,,,
,Marydale,Pixley ka Seme District,Northern Cape,,,,,,,,
,Niekerkshoop,Pixley ka Seme District,Northern Cape,,,,,,,,
,Norvalspont,Pixley ka Seme District,Northern Cape,,,,,,,,
,Noupoort,Pixley ka Seme District,Northern Cape,,,,,,,,
,Petrusville,Pixley ka Seme District,Northern Cape,,,,,,,,
,Philipstown,Pixley ka Seme District,Northern Cape,,,,,,,,
,Plooysburg,Pixley ka Seme District,Northern Cape,,,,,,,,
,Prieska,Pixley ka Seme District,Northern Cape,,,,,,,,
,Richmond(C),Pixley ka Seme District,Northern Cape,,,,,,,,
,Strydenburg,Pixley ka Seme District,Northern Cape,,,,,,,,
,Sunrise,Pixley ka Seme District,Northern Cape,,,,,,,,
,Vanderkloof,Pixley ka Seme District,Northern Cape,,,,,,,,
,Vanwyksvlei,Pixley ka Seme District,Northern Cape,,,,,,,,
,Victoria West,Pixley ka Seme District,Northern Cape,,,,,,,,
,Vosburg,Pixley ka Seme District,Northern Cape,,,,,,,,
,Augrabies,ZF Mgcawu District,Northern Cape,,,,,,,,
,Danielskuil,ZF Mgcawu District,Northern Cape,,,,,,,,
,Groblershoop,ZF Mgcawu District,Northern Cape,,,,,,,,
,Kakamas,ZF Mgcawu District,Northern Cape,,,,,,,,
,Kanoneiland,ZF Mgcawu District,Northern Cape,,,,,,,,
,Keimoes,ZF Mgcawu District,Northern Cape,,,,,,,,
,Kenhardt,ZF Mgcawu District,Northern Cape,,,,,,,,
,Lime Acres,ZF Mgcawu District,Northern Cape,,,,,,,,
,Noenieput,ZF Mgcawu District,Northern Cape,,,,,,,,
,Pabalello,ZF Mgcawu District,Northern Cape,,,,,,,,
,Postmasburg,ZF Mgcawu District,Northern Cape,,,,,,,,
,Riemvasmaak,ZF Mgcawu District,Northern Cape,,,,,,,,
,Rietfontein,ZF Mgcawu District,Northern Cape,,,,,,,,
,Rosedale,ZF Mgcawu District,Northern Cape,,,,,,,,
,Upington,ZF Mgcawu District,Northern Cape,,,,,,,,
,Witdraai,ZF Mgcawu District,Northern Cape,,,,,,,,
,Ashton,Cape Winelands District,Western Cape,,,,,,,,
,Bonnievale,Cape Winelands District,Western Cape,,,,,,,,
,Ceres,Cape Winelands District,Western Cape,,,,,,,,
,Cloetesville,Cape Winelands District,Western Cape,,,,,,,,
,De Doorns,Cape Winelands District,Western Cape,,,,,,,,
,Franschhoek,Cape Winelands District,Western Cape,,,,,,,,
,Groot-Drakenstein,Cape Winelands District,Western Cape,,,,,,,,
,Klapmuts,Cape Winelands District,Western Cape,,,,,,,,
,Mbekweni,Cape Winelands District,Western Cape,,,,,,,,
,Mcgregor,Cape Winelands District,Western Cape,,,,,,,,
,Montagu,Cape Winelands District,Western Cape,,,,,,,,
,Paarl,Cape Winelands District,Western Cape,,,,,,,,
,Paarl East,Cape Winelands District,Western Cape,,,,,,,,
,Prince Alfred Hamlet,Cape Winelands District,Western Cape,,,,,,,,
,Rawsonville,Cape Winelands District,Western Cape,,,,,,,,
,Robertson,Cape Winelands District,Western Cape,,,,,,,,
,Saron,Cape Winelands District,Western Cape,,,,,,,,
,Stellenbosch,Cape Winelands District,Western Cape,,,,,,,,
,Touws River,Cape Winelands District,Western Cape,,,,,,,,
,Tulbagh,Cape Winelands District,Western Cape,,,,,,,,
,Wellington,Cape Winelands District,Western Cape,,,,,,,,
,Wolseley,Cape Winelands District,Western Cape,,,,,,,,
,Worcester,Cape Winelands District,Western Cape,,,,,,,,
,Beaufort West,Central Karoo District,Western Cape,,,,,,,,
,Laingsburg,Central Karoo District,Western Cape,,,,,,,,
,Leeu Gamka,Central Karoo District,Western Cape,,,,,,,,
,Murraysburg,Central Karoo District,Western Cape,,,,,,,,
,Prince Albert,Central Karoo District,Western Cape,,,,,,,,
,Athlone,City of Cape Town District,Western Cape,,,,,,,,
,Atlantis,City of Cape Town District,Western Cape,,,,,,,,
,Belhar,City of Cape Town District,Western Cape,,,,,,,,
,Bellville,City of Cape Town District,Western Cape,,,,,,,,
,Bellville South,City of Cape Town District,Western Cape,,,,,,,,
,Bishop Lavis,City of Cape Town District,Western Cape,,,,,,,,
,Bothasig,City of Cape Town District,Western Cape,,,,,,,,
,Brackenfell,City of Cape Town District,Western Cape,,,,,,,,
,Camps Bay,City of Cape Town District,Western Cape,,,,,,,,
,Cape Town Central,City of Cape Town District,Western Cape,,,,,,,,
,Claremont,City of Cape Town District,Western Cape,,,,,,,,
,Delft,City of Cape Town District,Western Cape,,,,,,,,
,Dieprivier,City of Cape Town District,Western Cape,,,,,,,,
,Durbanville,City of Cape Town District,Western Cape,,,,,,,,
,Elsies River,City of Cape Town District,Western Cape,,,,,,,,
,Fish Hoek,City of Cape Town District,Western Cape,,,,,,,,
,Goodwood,City of Cape Town District,Western Cape,,,,,,,,
,Gordons Bay,City of Cape Town District,Western Cape,,,,,,,,
,Grassy Park,City of Cape Town District,Western Cape,,,,,,,,
,Gugulethu,City of Cape Town District,Western Cape,,,,,,,,
,Harare,City of Cape Town District,Western Cape,,,,,,,,
,Hout Bay,City of Cape Town District,Western Cape,,,,,,,,
,Kensington,City of Cape Town District,Western Cape,,,,,,,,
,Khayelitsha,City of Cape Town District,Western Cape,,,,,,,,
,Kirstenhof,City of Cape Town District,Western Cape,,,,,,,,
,Kleinvlei,City of Cape Town District,Western Cape,,,,,,,,
,Kraaifontein,City of Cape Town District,Western Cape,,,,,,,,
,Kuilsrivier,City of Cape Town District,Western Cape,,,,,,,,
,Langa,City of Cape Town District,Western Cape,,,,,,,,
,Lansdowne,City of Cape Town District,Western Cape,,,,,,,,
,Lentegeur,City of Cape Town District,Western Cape,,,,,,,,
,Lingelethu-West,City of Cape Town District,Western Cape,,,,,,,,
,Lwandle,City of Cape Town District,Western Cape,,,,,,,,
,Macassar,City of Cape Town District,Western Cape,,,,,,,,
,Maitland,City of Cape Town District,Western Cape,,,,,,,,
,Makhaza,City of Cape Town District,Western Cape,,,,,,,,
,Manenberg,City of Cape Town District,Western Cape,,,,,,,,
,Melkbosstrand,City of Cape Town District,Western Cape,,,,,,,,
,Mfuleni,City of Cape Town District,Western Cape,,,,,,,,
,Milnerton,City of Cape Town District,Western Cape,,,,,,,,
,Mitchells Plain,City of Cape Town District,Western Cape,,,,,,,,
,Mowbray,City of Cape Town District,Western Cape,,,,,,,,
,Muizenberg,City of Cape Town District,Western Cape,,,,,,,,
,Nyanga,City of Cape Town District,Western Cape,,,,,,,,
,Ocean View,City of Cape Town District,Western Cape,,,,,,,,
,Parow,City of Cape Town District,Western Cape,,,,,,,,
,Philadelphia,City of Cape Town District,Western Cape,,,,,,,,
,Philippi,City of Cape Town District,Western Cape,,,,,,,,
,Philippi East,City of Cape Town District,Western Cape,,,,,,,,
,Pinelands,City of Cape Town District,Western Cape,,,,,,,,
,Ravensmead,City of Cape Town District,Western Cape,,,,,,,,
,Rondebosch,City of Cape Town District,Western Cape,,,,,,,,
,Samora Machel,City of Cape Town District,Western Cape,,,,,,,,
,Sea Point,City of Cape Town District,Western Cape,,,,,,,,
,Simon's Town,City of Cape Town District,Western Cape,,,,,,,,
,Somerset West,City of Cape Town District,Western Cape,,,,,,,,
,Steenberg,City of Cape Town District,Western Cape,,,,,,,,
,Strand,City of Cape Town District,Western Cape,,,,,,,,
,Strandfontein,City of Cape Town District,Western Cape,,,,,,,,
,Table Bay Harbour,City of Cape Town District,Western Cape,,,,,,,,
,Table View,City of Cape Town District,Western Cape,,,,,,,,
,Woodstock,City of Cape Town District,Western Cape,,,,,,,,
,Wynberg,City of Cape Town District,Western Cape,,,,,,,,
,Int Airport C Town,East Metropol District,Western Cape,,,,,,,,
,Albertinia,Garden Route District,Western Cape,,,,,,,,
,Calitzdorp,Garden Route District,Western Cape,,,,,,,,
,Conville,Garden Route District,Western Cape,,,,,,,,
,Da Gamaskop,Garden Route District,Western Cape,,,,,,,,
,De Rust,Garden Route District,Western Cape,,,,,,,,
,Dysselsdorp,Garden Route District,Western Cape,,,,,,,,
,George,Garden Route District,Western Cape,,,,,,,,
,Groot Brakrivier,Garden Route District,Western Cape,,,,,,,,
,Heidelberg(C),Garden Route District,Western Cape,,,,,,,,
,Knysna,Garden Route District,Western Cape,,,,,,,,
,KwaNokuthula,Garden Route District,Western Cape,,,,,,,,
,KwaNonqaba,Garden Route District,Western Cape,,,,,,,,
,Ladismith,Garden Route District,Western Cape,,,,,,,,
,Mossel Bay,Garden Route District,Western Cape,,,,,,,,
,Oudtshoorn,Garden Route District,Western Cape,,,,,,,,
,Pacaltsdorp,Garden Route District,Western Cape,,,,,,,,
,Plettenberg Bay,Garden Route District,Western Cape,,,,,,,,
,Riversdale,Garden Route District,Western Cape,,,,,,,,
,Still Bay,Garden Route District,Western Cape,,,,,,,,
,Thembalethu,Garden Route District,Western Cape,,,,,,,,
,Uniondale,Garden Route District,Western Cape,,,,,,,,
,Barrydale,Overberg District,Western Cape,,,,,,,,
,Bredasdorp,Overberg District,Western Cape,,,,,,,,
,Caledon,Overberg District,Western Cape,,,,,,,,
,Gans Bay,Overberg District,Western Cape,,,,,,,,
,Genadendal,Overberg District,Western Cape,,,,,,,,
,Grabouw,Overberg District,Western Cape,,,,,,,,
,Hermanus,Overberg District,Western Cape,,,,,,,,
,Kleinmond,Overberg District,Western Cape,,,,,,,,
,Napier,Overberg District,Western Cape,,,,,,,,
,Riviersonderend,Overberg District,Western Cape,,,,,,,,
,Stanford,Overberg District,Western Cape,,,,,,,,
,Struisbaai,Overberg District,Western Cape,,,,,,,,
,Suurbraak,Overberg District,Western Cape,,,,,,,,
,Swellendam,Overberg District,Western Cape,,,,,,,,
,Villiersdorp,Overberg District,Western Cape,,,,,,,,
,Citrusdal,West Coast District,Western Cape,,,,,,,,
,Clanwilliam,West Coast District,Western Cape,,,,,,,,
,Darling,West Coast District,Western Cape,,,,,,,,
,Doring Bay,West Coast District,Western Cape,,,,,,,,
,Eendekuil,West Coast District,Western Cape,,,,,,,,
,Elands Bay,West Coast District,Western Cape,,,,,,,,
,Graafwater,West Coast District,Western Cape,,,,,,,,
,Hopefield,West Coast District,Western Cape,,,,,,,,
,Klawer,West Coast District,Western Cape,,,,,,,,
,Laaiplek,West Coast District,Western Cape,,,,,,,,
,Lambertsbaai,West Coast District,Western Cape,,,,,,,,
,Langebaan,West Coast District,Western Cape,,,,,,,,
,Lutzville,West Coast District,Western Cape,,,,,,,,
,Malmesbury,West Coast District,Western Cape,,,,,,,,
,Moorreesburg,West Coast District,Western Cape,,,,,,,,
,Nuwerus,West Coast District,Western Cape,,,,,,,,
,Piketberg,West Coast District,Western Cape,,,,,,,,
,Porterville,West Coast District,Western Cape,,,,,,,,
,Redelinghuys,West Coast District,Western Cape,,,,,,,,
,Riebeek West,West Coast District,Western Cape,,,,,,,,
,Saldanha,West Coast District,Western Cape,,,,,,,,
,St Helena Bay,West Coast District,Western Cape,,,,,,,,
,Vanrhynsdorp,West Coast District,Western Cape,,,,,,,,
,Vredenburg,West Coast District,Western Cape,,,,,,,,
,Vredendal,West Coast District,Western Cape,,,,,,,,
,Alfred Nzo District,Eastern Cape,Republic of South Africa,,,,,,,,
,Amathole District,Eastern Cape,Republic of South Africa,,,,,,,,
,Buffalo City District,Eastern Cape,Republic of South Africa,,,,,,,,
,Chris Hani District,Eastern Cape,Republic of South Africa,,,,,,,,
,Joe Gqabi District,Eastern Cape,Republic of South Africa,,,,,,,,
,Nelson Mandela District,Eastern Cape,Republic of South Africa,,,,,,,,
,OR Tambo District,Eastern Cape,Republic of South Africa,,,,,,,,
,Sarah Baartman District,Eastern Cape,Republic of South Africa,,,,,,,,
,Fezile Dabi District,Free State,Republic of South Africa,,,,,,,,
,Lejweleputswa District,Free State,Republic of South Africa,,,,,,,,
,Mangaung District,Free State,Republic of South Africa,,,,,,,,
,Thabo Mofutsanyana District,Free State,Republic of South Africa,,,,,,,,
,Xhariep District,Free State,Republic of South Africa,,,,,,,,
,Ekurhuleni District,Gauteng,Republic of South Africa,,,,,,,,
,Gauteng: Ports of Entry: Air,Gauteng,Republic of South Africa,,,,,,,,
,Johannesburg District,Gauteng,Republic of South Africa,,,,,,,,
,Sedibeng District,Gauteng,Republic of South Africa,,,,,,,,
,Tshwane District,Gauteng,Republic of South Africa,,,,,,,,
,West Rand District,Gauteng,Republic of South Africa,,,,,,,,
,Amajuba District,KwaZulu-Natal,Republic of South Africa,,,,,,,,
,Ethekwini District,KwaZulu-Natal,Republic of South Africa,,,,,,,,
,Harry Gwala District,KwaZulu-Natal,Republic of South Africa,,,,,,,,
,Ilembe District,KwaZulu-Natal,Republic of South Africa,,,,,,,,
,King Cetshwayo District,KwaZulu-Natal,Republic of South Africa,,,,,,,,
,Kwazulu-Natal: Ports of Entry: Air,KwaZulu-Natal,Republic of South Africa,,,,,,,,
,Kwazulu-Natal: Ports of Entry: Sea,KwaZulu-Natal,Republic of South Africa,,,,,,,,
,Ugu District,KwaZulu-Natal,Republic of South Africa,,,,,,,,
,Umgungundlovu District,KwaZulu-Natal,Republic of South Africa,,,,,,,,
,Umkhanyakude District,KwaZulu-Natal,Republic of South Africa,,,,,,,,
,Umzinyathi District,KwaZulu-Natal,Republic of South Africa,,,,,,,,
,Uthukela District,KwaZulu-Natal,Republic of South Africa,,,,,,,,
,Zululand District,KwaZulu-Natal,Republic of South Africa,,,,,,,,
,Capricorn District,Limpopo,Republic of South Africa,,,,,,,,
,Mopani District,Limpopo,Republic of South Africa,,,,,,,,
,Sekhukhune District,Limpopo,Republic of South Africa,,,,,,,,
,Vhembe District,Limpopo,Republic of South Africa,,,,,,,,
,Waterberg District,Limpopo,Republic of South Africa,,,,,,,,
,Ehlanzeni District,Mpumalanga,Republic of South Africa,,,,,,,,
,Gert Sibande District,Mpumalanga,Republic of South Africa,,,,,,,,
,Nkangala District,Mpumalanga,Republic of South Africa,,,,,,,,
,Bojanala District,North West,Republic of South Africa,,,,,,,,
,Dr Kenneth Kaunda District,North West,Republic of South Africa,,,,,,,,
,Dr Ruth Segomotsi Mompati District,North West,Republic of South Africa,,,,,,,,
,Ngaka Modiri Molema District,North West,Republic of South Africa,,,,,,,,
,Frances Baard District,Northern Cape,Republic of South Africa,,,,,,,,
,John Taolo Gaetsewe District,Northern Cape,Republic of South Africa,,,,,,,,
,Namakwa District,Northern Cape,Republic of South Africa,,,,,,,,
,Pixley ka Seme District,Northern Cape,Republic of South Africa,,,,,,,,
,ZF Mgcawu District,Northern Cape,Republic of South Africa,,,,,,,,
,Cape Winelands District,Western Cape,Republic of South Africa,,,,,,,,
,Central Karoo District,Western Cape,Republic of South Africa,,,,,,,,
,City of Cape Town District,Western Cape,Republic of South Africa,,,,,,,,
,East Metropol District,Western Cape,Republic of South Africa,,,,,,,,
,Garden Route District,Western Cape,Republic of South Africa,,,,,,,,
,Overberg District,Western Cape,Republic of South Africa,,,,,,,,
,West Coast District,Western Cape,Republic of South Africa,,,,,,,,
,Eastern Cape,Republic of South Africa,RSA,,,,,,,,
,Free State,Republic of South Africa,RSA,,,,,,,,
,Gauteng,Republic of South Africa,RSA,,,,,,,,
,KwaZulu-Natal,Republic of South Africa,RSA,,,,,,,,
,Limpopo,Republic of South Africa,RSA,,,,,,,,
,Mpumalanga,Republic of South Africa,RSA,,,,,,,,
,North West,Republic of South Africa,RSA,,,,,,,,
,Northern Cape,Republic of South Africa,RSA,,,,,,,,
,Western Cape,Republic of South Africa,RSA,,,,,,,,
,Republic Of South Africa,RSA,National,,,,,,,,
